step,ros_time,d0,d1,d2,d3,d4,d5,p0,p1,p2,p3,p4,p5
0,1763450572.167202,0.784500,-1.331900,-2.327500,-1.066600,1.645400,-0.717200,0.880055,-1.405112,-2.279352,-1.063363,1.625941,-0.664521
1,1763450572.213065,0.784500,-1.331200,-2.328100,-1.066200,1.645400,-0.721500,0.877644,-1.402724,-2.281145,-1.063954,1.626037,-0.667632
2,1763450572.260055,0.784600,-1.330700,-2.328700,-1.065700,1.645400,-0.724800,0.876834,-1.401921,-2.281748,-1.064151,1.626069,-0.668677
3,1763450572.311309,0.784700,-1.330100,-2.329100,-1.065500,1.645300,-0.727400,0.876426,-1.401515,-2.282052,-1.064251,1.626085,-0.669209
4,1763450572.354383,0.784700,-1.329800,-2.329300,-1.065500,1.645300,-0.730100,0.876110,-1.401196,-2.282289,-1.064327,1.626096,-0.669640
5,1763450572.406138,0.784700,-1.329700,-2.329400,-1.065700,1.645400,-0.731900,0.875899,-1.400984,-2.282446,-1.064379,1.626103,-0.669927
6,1763450572.449094,0.784600,-1.329800,-2.329200,-1.066000,1.645700,-0.733500,0.875862,-1.400943,-2.282473,-1.064391,1.626104,-0.669966
7,1763450572.500044,0.784500,-1.329900,-2.329000,-1.066400,1.645800,-0.734500,0.875874,-1.400957,-2.282462,-1.064390,1.626105,-0.669926
8,1763450572.542814,0.784400,-1.330000,-2.329000,-1.066500,1.645900,-0.734700,0.875885,-1.400970,-2.282452,-1.064389,1.626105,-0.669893
9,1763450572.593593,0.784400,-1.330000,-2.328900,-1.066600,1.646000,-0.735100,0.875893,-1.400978,-2.282446,-1.064389,1.626106,-0.669869
10,1763450572.636720,0.784600,-1.330000,-2.328900,-1.066700,1.645700,-0.735100,0.875905,-1.400990,-2.282437,-1.064386,1.626105,-0.669840
11,1763450572.686364,0.784800,-1.330100,-2.328800,-1.067000,1.645400,-0.735600,0.877712,-1.402911,-2.281027,-1.063917,1.626050,-0.667466
12,1763450572.729210,0.785000,-1.330000,-2.328700,-1.068100,1.645200,-0.737400,0.879241,-1.404537,-2.279833,-1.063520,1.626003,-0.665458
13,1763450572.782738,0.785000,-1.330100,-2.328400,-1.069100,1.645100,-0.738400,0.880551,-1.405930,-2.278811,-1.063181,1.625962,-0.663737
14,1763450572.825773,0.785000,-1.330100,-2.328300,-1.069400,1.645000,-0.738600,0.880967,-1.406308,-2.278495,-1.063098,1.625956,-0.663148
15,1763450572.876068,0.785100,-1.330200,-2.328300,-1.069600,1.644900,-0.738900,0.883713,-1.408652,-2.276524,-1.062438,1.625994,-0.659828
16,1763450572.919021,0.785200,-1.330200,-2.328200,-1.070100,1.644700,-0.739600,0.886174,-1.410798,-2.274744,-1.061864,1.626007,-0.656860
17,1763450572.970505,0.785200,-1.330300,-2.327900,-1.071400,1.644000,-0.740100,0.888355,-1.412699,-2.273169,-1.061354,1.626018,-0.654234
18,1763450573.015196,0.785400,-1.330000,-2.327700,-1.073500,1.643300,-0.743300,0.890306,-1.414400,-2.271758,-1.060899,1.626028,-0.651883
19,1763450573.063183,0.785700,-1.329100,-2.327700,-1.076700,1.642300,-0.751800,0.891400,-1.415238,-2.270999,-1.060649,1.626056,-0.650685
20,1763450573.107531,0.785700,-1.329100,-2.327700,-1.076700,1.642300,-0.751800,0.892389,-1.415995,-2.270314,-1.060422,1.626082,-0.649600
21,1763450573.156821,0.786200,-1.327600,-2.328000,-1.081300,1.640800,-0.765100,0.893286,-1.416678,-2.269692,-1.060215,1.626107,-0.648617
22,1763450573.200716,0.793000,-1.327500,-2.326100,-1.093200,1.631300,-0.790100,0.894103,-1.417298,-2.269127,-1.060025,1.626132,-0.647721
23,1763450573.250484,0.800200,-1.330200,-2.322700,-1.102100,1.623100,-0.788900,0.894852,-1.417865,-2.268609,-1.059851,1.626154,-0.646899
24,1763450573.293215,0.804300,-1.332300,-2.320500,-1.106100,1.618800,-0.783200,0.895540,-1.418387,-2.268133,-1.059691,1.626174,-0.646145
25,1763450573.345236,0.809400,-1.335100,-2.318100,-1.109000,1.614900,-0.777100,0.897062,-1.419471,-2.267202,-1.059233,1.626281,-0.645534
26,1763450573.388011,0.814900,-1.337900,-2.315600,-1.109300,1.613900,-0.773200,0.898421,-1.420324,-2.266393,-1.058785,1.626423,-0.645063
27,1763450573.437866,0.820100,-1.340000,-2.314000,-1.109100,1.615300,-0.777300,0.899603,-1.421041,-2.265701,-1.058387,1.626558,-0.644758
28,1763450573.483577,0.824500,-1.341500,-2.312700,-1.109500,1.616300,-0.784500,0.900703,-1.421709,-2.265056,-1.058017,1.626682,-0.644477
29,1763450573.530281,0.828400,-1.342600,-2.311800,-1.109700,1.615600,-0.793900,0.901809,-1.422465,-2.264383,-1.057667,1.626770,-0.644096
30,1763450573.576090,0.831900,-1.343700,-2.310900,-1.109900,1.614800,-0.802900,0.901931,-1.422894,-2.264030,-1.057639,1.626905,-0.644171
31,1763450573.624622,0.835400,-1.345100,-2.309700,-1.110400,1.613500,-0.809200,0.902914,-1.423524,-2.263464,-1.057321,1.626995,-0.643836
32,1763450573.668642,0.839300,-1.347000,-2.308100,-1.110800,1.612700,-0.811600,0.903832,-1.424128,-2.262920,-1.057026,1.627073,-0.643514
33,1763450573.718163,0.843500,-1.349400,-2.306200,-1.110700,1.612400,-0.812700,0.904784,-1.424792,-2.262339,-1.056728,1.627146,-0.643037
34,1763450573.760762,0.848100,-1.352300,-2.304100,-1.110400,1.612300,-0.811900,0.905721,-1.425502,-2.261754,-1.056459,1.627191,-0.642546
35,1763450573.812468,0.853400,-1.355500,-2.301700,-1.109500,1.612200,-0.809500,0.906669,-1.426229,-2.261158,-1.056190,1.627230,-0.641997
36,1763450573.855179,0.859500,-1.359100,-2.299100,-1.108500,1.612100,-0.805000,0.907634,-1.427085,-2.260441,-1.055840,1.627423,-0.641458
37,1763450573.904749,0.866300,-1.363200,-2.296200,-1.106700,1.612400,-0.798200,0.908305,-1.428107,-2.259727,-1.055611,1.627591,-0.641326
38,1763450573.947493,0.873900,-1.367900,-2.292800,-1.104700,1.612900,-0.789300,0.909219,-1.428886,-2.259077,-1.055285,1.627765,-0.640810
39,1763450573.998106,0.882300,-1.373400,-2.288900,-1.102200,1.612800,-0.776600,0.910367,-1.429868,-2.258257,-1.054911,1.627912,-0.639883
40,1763450574.040601,0.891000,-1.379200,-2.284800,-1.099400,1.614100,-0.764200,0.911413,-1.431219,-2.257288,-1.054619,1.628029,-0.639089
41,1763450574.093346,0.899700,-1.385300,-2.280200,-1.097200,1.615200,-0.750500,0.912687,-1.432440,-2.256277,-1.054231,1.628126,-0.637902
42,1763450574.136999,0.908100,-1.391300,-2.275700,-1.095300,1.616500,-0.736900,0.913810,-1.433432,-2.255471,-1.053889,1.628242,-0.636922
43,1763450574.186662,0.916100,-1.397200,-2.271100,-1.093200,1.617600,-0.724300,0.915054,-1.434568,-2.254560,-1.053518,1.628352,-0.635733
44,1763450574.229576,0.923800,-1.403400,-2.266300,-1.090800,1.618700,-0.712100,0.916307,-1.435637,-2.253713,-1.053160,1.628453,-0.634538
45,1763450574.279355,0.931100,-1.409400,-2.261300,-1.088500,1.619400,-0.700300,0.917526,-1.436736,-2.252821,-1.052806,1.628533,-0.633359
46,1763450574.321825,0.937900,-1.415300,-2.256400,-1.086500,1.620400,-0.689000,0.918654,-1.437923,-2.251837,-1.052394,1.628716,-0.632765
47,1763450574.375077,0.944300,-1.420600,-2.251500,-1.084400,1.621500,-0.679100,0.919585,-1.438975,-2.250919,-1.052041,1.628891,-0.632450
48,1763450574.416684,0.950200,-1.425800,-2.247000,-1.082100,1.622300,-0.670300,0.920363,-1.439930,-2.250075,-1.051716,1.629064,-0.632103
49,1763450574.468139,0.955500,-1.430600,-2.242700,-1.080000,1.622800,-0.662900,0.920952,-1.441024,-2.249208,-1.051488,1.629235,-0.631908
50,1763450574.509660,0.960400,-1.435300,-2.238800,-1.077800,1.623200,-0.656600,0.921853,-1.441960,-2.248408,-1.051153,1.629391,-0.631525
51,1763450574.562908,0.964900,-1.439600,-2.235200,-1.075900,1.623400,-0.651000,0.922732,-1.442917,-2.247604,-1.050822,1.629540,-0.631028
52,1763450574.605903,0.969000,-1.443800,-2.231700,-1.074100,1.623500,-0.646400,0.923351,-1.443980,-2.246770,-1.050594,1.629675,-0.630652
53,1763450574.657178,0.973000,-1.448000,-2.228200,-1.072600,1.623600,-0.642200,0.924131,-1.444785,-2.246076,-1.050302,1.629812,-0.630347
54,1763450574.699938,0.976700,-1.451900,-2.225000,-1.070800,1.623400,-0.638400,0.924708,-1.445907,-2.245149,-1.050034,1.630034,-0.630201
55,1763450574.751231,0.980400,-1.455600,-2.221900,-1.069100,1.623000,-0.634700,0.925358,-1.447022,-2.244220,-1.049729,1.630261,-0.629847
56,1763450574.793965,0.983800,-1.459300,-2.219000,-1.067300,1.622500,-0.630900,0.926063,-1.448008,-2.243439,-1.049472,1.630409,-0.629281
57,1763450574.843951,0.987100,-1.462900,-2.216200,-1.065500,1.622000,-0.627000,0.926578,-1.449114,-2.242541,-1.049219,1.630625,-0.628943
58,1763450574.886873,0.990000,-1.466000,-2.213600,-1.064000,1.621700,-0.623800,0.927006,-1.450215,-2.241664,-1.048956,1.630861,-0.628806
59,1763450574.938581,0.992800,-1.468600,-2.211400,-1.062600,1.621400,-0.621900,0.927478,-1.451186,-2.240867,-1.048720,1.631067,-0.628611
60,1763450574.983686,0.995000,-1.470600,-2.209700,-1.061700,1.621300,-0.621100,0.927936,-1.452227,-2.240026,-1.048444,1.631286,-0.628457
61,1763450575.031446,0.996900,-1.472000,-2.208300,-1.060900,1.621200,-0.620600,0.928501,-1.453220,-2.239223,-1.048180,1.631475,-0.628116
62,1763450575.076142,0.998100,-1.473100,-2.207400,-1.059800,1.621200,-0.620500,0.929043,-1.454172,-2.238449,-1.047929,1.631659,-0.627829
63,1763450575.127149,0.999000,-1.473900,-2.207000,-1.057900,1.621600,-0.620700,0.929162,-1.455370,-2.237510,-1.047755,1.631854,-0.628206
64,1763450575.168792,0.999600,-1.474300,-2.206800,-1.056500,1.622400,-0.620900,0.929347,-1.456520,-2.236646,-1.047581,1.632063,-0.628312
65,1763450575.220898,0.999800,-1.474500,-2.206600,-1.056200,1.624200,-0.621500,0.929751,-1.457448,-2.235885,-1.047346,1.632254,-0.628185
66,1763450575.263563,0.999800,-1.474500,-2.206300,-1.056800,1.627000,-0.622300,0.929901,-1.458770,-2.234725,-1.047149,1.632506,-0.628158
67,1763450575.315640,0.999800,-1.474600,-2.206400,-1.055500,1.629300,-0.622900,0.930227,-1.459908,-2.233744,-1.046950,1.632664,-0.627917
68,1763450575.357392,0.999700,-1.474800,-2.206600,-1.053100,1.631100,-0.623500,0.930283,-1.461034,-2.232852,-1.046790,1.632911,-0.628302
69,1763450575.410808,0.999700,-1.474900,-2.206700,-1.051900,1.632500,-0.623800,0.930312,-1.462140,-2.231940,-1.046637,1.633142,-0.628699
70,1763450575.452824,0.999700,-1.475000,-2.206900,-1.050800,1.633500,-0.624000,0.930234,-1.463150,-2.231054,-1.046506,1.633376,-0.628904
71,1763450575.504828,0.999700,-1.475100,-2.207000,-1.050000,1.634200,-0.624100,0.930181,-1.464045,-2.230312,-1.046384,1.633601,-0.629480
72,1763450575.546487,0.999600,-1.475200,-2.207200,-1.049400,1.634800,-0.624300,0.930149,-1.464936,-2.229520,-1.046239,1.633830,-0.629686
73,1763450575.599681,0.999600,-1.475300,-2.207400,-1.048800,1.635200,-0.624400,0.930120,-1.465891,-2.228776,-1.046083,1.634059,-0.630130
74,1763450575.642509,0.999600,-1.475400,-2.207500,-1.048400,1.635500,-0.624500,0.929976,-1.467088,-2.227789,-1.045996,1.634266,-0.630394
75,1763450575.694601,0.999600,-1.475500,-2.207700,-1.048300,1.635800,-0.624600,0.929564,-1.468023,-2.226969,-1.045981,1.634473,-0.630995
76,1763450575.737492,0.999500,-1.475600,-2.207900,-1.047900,1.636000,-0.624600,0.929403,-1.468697,-2.226336,-1.045889,1.634678,-0.631463
77,1763450575.787437,0.999400,-1.475900,-2.207900,-1.047400,1.636300,-0.624700,0.928804,-1.469812,-2.225326,-1.045845,1.634948,-0.632332
78,1763450575.829963,0.999300,-1.476000,-2.207900,-1.047400,1.637200,-0.624400,0.928269,-1.470864,-2.224386,-1.045786,1.635212,-0.633157
79,1763450575.881981,0.999100,-1.476200,-2.207700,-1.047800,1.639100,-0.623900,0.927720,-1.471869,-2.223471,-1.045756,1.635459,-0.634060
80,1763450575.923768,0.998400,-1.476500,-2.206900,-1.049900,1.643300,-0.623200,0.927203,-1.472868,-2.222568,-1.045719,1.635704,-0.634885
81,1763450575.977006,0.997200,-1.477300,-2.205400,-1.052700,1.647900,-0.622800,0.926608,-1.473802,-2.221716,-1.045704,1.635950,-0.635878
82,1763450576.019677,0.994900,-1.479400,-2.203300,-1.054600,1.650900,-0.624500,0.926124,-1.474739,-2.220876,-1.045655,1.636196,-0.636749
83,1763450576.069666,0.991700,-1.482500,-2.200700,-1.055400,1.652500,-0.628600,0.925639,-1.475706,-2.220021,-1.045600,1.636437,-0.637484
84,1763450576.112041,0.988000,-1.486100,-2.197900,-1.055800,1.653400,-0.633400,0.925215,-1.476730,-2.219089,-1.045570,1.636653,-0.638233
85,1763450576.164394,0.983800,-1.490200,-2.194500,-1.056500,1.654100,-0.638700,0.924822,-1.477625,-2.218305,-1.045522,1.636866,-0.639002
86,1763450576.207378,0.979100,-1.495100,-2.190500,-1.056700,1.654600,-0.643200,0.924393,-1.478497,-2.217531,-1.045496,1.637071,-0.639785
87,1763450576.258515,0.973900,-1.500800,-2.185800,-1.056200,1.654900,-0.648300,0.923728,-1.479659,-2.216453,-1.045507,1.637292,-0.640808
88,1763450576.301030,0.968500,-1.506500,-2.180200,-1.056700,1.657400,-0.653600,0.923007,-1.480935,-2.215214,-1.045562,1.637501,-0.641926
89,1763450576.353177,0.962900,-1.512200,-2.174300,-1.058500,1.663200,-0.646800,0.922426,-1.482060,-2.214161,-1.045582,1.637704,-0.642749
90,1763450576.395908,0.956700,-1.518700,-2.167300,-1.060400,1.667800,-0.651800,0.921694,-1.483335,-2.212909,-1.045664,1.637885,-0.643915
91,1763450576.446983,0.950200,-1.525500,-2.161400,-1.059400,1.667300,-0.663900,0.920995,-1.484571,-2.211724,-1.045724,1.638071,-0.644992
92,1763450576.489794,0.943500,-1.532400,-2.154400,-1.060700,1.671200,-0.666500,0.920211,-1.485702,-2.210609,-1.045802,1.638259,-0.646146
93,1763450576.541240,0.936700,-1.539300,-2.147300,-1.061600,1.673500,-0.674400,0.919423,-1.486819,-2.209502,-1.045892,1.638445,-0.647319
94,1763450576.582978,0.930000,-1.546400,-2.140600,-1.061000,1.672700,-0.683300,0.918640,-1.487907,-2.208409,-1.045981,1.638625,-0.648487
95,1763450576.636364,0.923300,-1.553500,-2.134100,-1.060400,1.669300,-0.691300,0.917951,-1.489002,-2.207319,-1.046055,1.638790,-0.649530
96,1763450576.679302,0.917000,-1.560400,-2.126900,-1.061200,1.669300,-0.696500,0.917294,-1.490066,-2.206275,-1.046114,1.638958,-0.650503
97,1763450576.729572,0.910800,-1.567300,-2.120800,-1.060700,1.664500,-0.700900,0.916600,-1.491124,-2.205217,-1.046188,1.639128,-0.651563
98,1763450576.772330,0.904900,-1.573800,-2.113000,-1.063700,1.668500,-0.698400,0.915881,-1.492167,-2.204146,-1.046267,1.639291,-0.652657
99,1763450576.822333,0.899300,-1.580000,-2.107100,-1.063200,1.665800,-0.701500,0.915234,-1.493201,-2.203114,-1.046332,1.639447,-0.653668
100,1763450576.863919,0.893700,-1.586100,-2.100800,-1.063600,1.663400,-0.707200,0.915144,-1.493239,-2.203065,-1.046345,1.639462,-0.653816
101,1763450576.918390,0.888400,-1.591800,-2.095100,-1.064300,1.660500,-0.712700,0.915052,-1.493275,-2.203010,-1.046357,1.639475,-0.653882
102,1763450576.960921,0.883000,-1.597500,-2.089100,-1.065100,1.658900,-0.719000,0.914948,-1.493308,-2.202959,-1.046374,1.639492,-0.653978
103,1763450577.013021,0.877600,-1.603200,-2.083200,-1.065600,1.657200,-0.726100,0.914940,-1.493455,-2.202823,-1.046371,1.639502,-0.653914
104,1763450577.055649,0.877600,-1.603200,-2.083200,-1.065600,1.657200,-0.726100,0.914961,-1.493640,-2.202654,-1.046362,1.639513,-0.653828
105,1763450577.105782,0.865800,-1.616400,-2.069500,-1.066300,1.655800,-0.742400,0.914962,-1.493761,-2.202534,-1.046348,1.639534,-0.653817
106,1763450577.148277,0.865800,-1.616400,-2.069500,-1.066300,1.655800,-0.742400,0.915018,-1.493991,-2.202335,-1.046323,1.639542,-0.653599
107,1763450577.200239,0.859700,-1.623200,-2.061600,-1.068800,1.659700,-0.742600,0.915053,-1.494202,-2.202151,-1.046314,1.639551,-0.653479
108,1763450577.242719,0.853700,-1.630200,-2.054300,-1.068700,1.658900,-0.751500,0.915075,-1.494379,-2.201996,-1.046308,1.639561,-0.653373
109,1763450577.297011,0.847800,-1.637200,-2.046400,-1.070600,1.661400,-0.753200,0.915044,-1.494582,-2.201809,-1.046313,1.639569,-0.653296
110,1763450577.340280,0.842000,-1.644000,-2.038800,-1.071600,1.662600,-0.758200,0.915020,-1.494776,-2.201634,-1.046314,1.639577,-0.653229
111,1763450577.390710,0.836200,-1.650900,-2.031500,-1.071900,1.661500,-0.764900,0.915169,-1.494929,-2.201559,-1.046264,1.639583,-0.653018
112,1763450577.433027,0.830100,-1.658300,-2.023500,-1.072600,1.659700,-0.772400,0.915290,-1.495061,-2.201497,-1.046229,1.639584,-0.652903
113,1763450577.483451,0.824300,-1.665100,-2.016000,-1.073600,1.658500,-0.779800,0.915376,-1.495182,-2.201440,-1.046201,1.639587,-0.652788
114,1763450577.525229,0.818500,-1.672100,-2.008000,-1.074900,1.658800,-0.786100,0.915460,-1.495338,-2.201329,-1.046184,1.639588,-0.652614
115,1763450577.576222,0.812200,-1.679900,-1.998700,-1.077400,1.661500,-0.790700,0.915482,-1.495514,-2.201193,-1.046177,1.639592,-0.652535
116,1763450577.618713,0.805900,-1.687700,-1.989300,-1.079500,1.663000,-0.798600,0.915539,-1.495704,-2.201052,-1.046156,1.639595,-0.652403
117,1763450577.669715,0.799800,-1.695700,-1.980600,-1.079900,1.660500,-0.808300,0.915582,-1.495884,-2.200903,-1.046152,1.639585,-0.652314
118,1763450577.712549,0.793400,-1.704000,-1.970900,-1.081800,1.659600,-0.817100,0.915639,-1.496105,-2.200714,-1.046142,1.639578,-0.652209
119,1763450577.764121,0.787300,-1.712400,-1.961300,-1.083300,1.657900,-0.826100,0.915624,-1.496372,-2.200459,-1.046146,1.639583,-0.652093
120,1763450577.806008,0.781300,-1.720800,-1.951400,-1.085700,1.658900,-0.830700,0.915583,-1.496637,-2.200191,-1.046167,1.639581,-0.652039
121,1763450577.857860,0.775600,-1.728500,-1.941200,-1.089600,1.663400,-0.827300,0.915578,-1.496930,-2.199897,-1.046167,1.639579,-0.651950
122,1763450577.900753,0.770200,-1.736000,-1.931900,-1.091200,1.663100,-0.831800,0.915562,-1.497184,-2.199643,-1.046175,1.639583,-0.651877
123,1763450577.951735,0.765100,-1.743300,-1.924100,-1.091100,1.656600,-0.836900,0.915570,-1.497474,-2.199357,-1.046177,1.639582,-0.651769
124,1763450577.993272,0.760200,-1.749700,-1.915200,-1.094700,1.658800,-0.837600,0.915547,-1.497744,-2.199085,-1.046192,1.639580,-0.651755
125,1763450578.047601,0.755700,-1.755800,-1.908200,-1.095600,1.655600,-0.843000,0.915552,-1.498032,-2.198792,-1.046196,1.639579,-0.651625
126,1763450578.090607,0.751400,-1.761500,-1.901300,-1.096600,1.652100,-0.848100,0.915505,-1.498327,-2.198491,-1.046211,1.639583,-0.651542
127,1763450578.140415,0.747200,-1.767100,-1.894400,-1.098100,1.650000,-0.852400,0.915467,-1.498629,-2.198174,-1.046232,1.639582,-0.651480
128,1763450578.183080,0.743200,-1.772700,-1.887600,-1.099000,1.648300,-0.855700,0.915429,-1.498927,-2.197879,-1.046244,1.639585,-0.651332
129,1763450578.232964,0.739200,-1.778200,-1.880800,-1.100100,1.647300,-0.859300,0.915412,-1.499240,-2.197579,-1.046260,1.639588,-0.651252
130,1763450578.275645,0.735300,-1.783600,-1.874200,-1.101000,1.646700,-0.862000,0.915390,-1.499548,-2.197277,-1.046271,1.639592,-0.651127
131,1763450578.328884,0.731500,-1.788900,-1.867500,-1.101900,1.646400,-0.865200,0.915320,-1.499796,-2.197017,-1.046292,1.639597,-0.651050
132,1763450578.372636,0.727900,-1.794000,-1.861100,-1.103000,1.646500,-0.867700,0.915283,-1.500085,-2.196734,-1.046308,1.639598,-0.650995
133,1763450578.421416,0.724400,-1.798900,-1.854900,-1.104300,1.647000,-0.870800,0.915266,-1.500365,-2.196466,-1.046310,1.639603,-0.650842
134,1763450578.465860,0.721200,-1.803400,-1.848900,-1.106600,1.649300,-0.870300,0.915250,-1.500614,-2.196218,-1.046318,1.639605,-0.650697
135,1763450578.514229,0.718000,-1.807900,-1.843000,-1.107900,1.650300,-0.873300,0.915199,-1.500818,-2.196015,-1.046336,1.639608,-0.650615
136,1763450578.558321,0.714800,-1.812500,-1.837800,-1.107500,1.648300,-0.876000,0.915146,-1.501024,-2.195812,-1.046356,1.639611,-0.650584
137,1763450578.607388,0.711900,-1.816500,-1.831900,-1.109700,1.649300,-0.878200,0.915080,-1.501224,-2.195613,-1.046379,1.639614,-0.650522
138,1763450578.651188,0.709100,-1.820400,-1.827200,-1.110300,1.648500,-0.881800,0.915046,-1.501430,-2.195409,-1.046382,1.639623,-0.650463
139,1763450578.700916,0.706600,-1.824000,-1.822300,-1.111900,1.649100,-0.883600,0.915029,-1.501566,-2.195278,-1.046385,1.639629,-0.650408
140,1763450578.743408,0.704200,-1.827500,-1.818300,-1.111800,1.646800,-0.886700,0.915079,-1.501647,-2.195202,-1.046380,1.639626,-0.650307
141,1763450578.796758,0.701900,-1.830700,-1.813500,-1.113500,1.647500,-0.888700,0.915119,-1.501702,-2.195156,-1.046370,1.639626,-0.650263
142,1763450578.839356,0.699900,-1.833600,-1.809800,-1.114800,1.649400,-0.888500,0.915123,-1.501770,-2.195087,-1.046374,1.639625,-0.650259
143,1763450578.889566,0.698000,-1.836300,-1.806400,-1.114900,1.647600,-0.893500,0.915143,-1.501786,-2.195085,-1.046358,1.639625,-0.650219
144,1763450578.932043,0.696100,-1.838900,-1.803600,-1.114700,1.645100,-0.898100,0.915174,-1.501809,-2.195079,-1.046348,1.639626,-0.650190
145,1763450578.983122,0.694300,-1.841400,-1.800500,-1.114600,1.642600,-0.902100,0.915233,-1.501808,-2.195101,-1.046337,1.639624,-0.650139
146,1763450579.025654,0.692600,-1.844100,-1.797200,-1.114500,1.640800,-0.905200,0.915307,-1.501806,-2.195120,-1.046318,1.639620,-0.650096
147,1763450579.078771,0.690700,-1.847000,-1.793600,-1.114800,1.639400,-0.907800,0.915372,-1.501790,-2.195162,-1.046299,1.639623,-0.650081
148,1763450579.121694,0.688800,-1.850000,-1.789800,-1.114900,1.638100,-0.910000,0.915414,-1.501852,-2.195121,-1.046274,1.639633,-0.649964
149,1763450579.171776,0.686800,-1.853200,-1.785900,-1.114800,1.637000,-0.912200,0.915497,-1.501876,-2.195136,-1.046245,1.639639,-0.649859
150,1763450579.214476,0.684900,-1.856400,-1.781800,-1.114800,1.636100,-0.913900,0.915556,-1.501895,-2.195152,-1.046226,1.639645,-0.649776
151,1763450579.265778,0.683000,-1.859500,-1.778000,-1.114800,1.635300,-0.915800,0.915641,-1.501929,-2.195157,-1.046205,1.639641,-0.649649
152,1763450579.308620,0.681200,-1.862500,-1.774100,-1.115100,1.634600,-0.917800,0.915710,-1.501950,-2.195175,-1.046173,1.639649,-0.649529
153,1763450579.358769,0.679400,-1.865400,-1.770400,-1.115300,1.634000,-0.919800,0.915770,-1.502022,-2.195136,-1.046151,1.639650,-0.649424
154,1763450579.401511,0.677800,-1.868100,-1.766800,-1.115900,1.633600,-0.921400,0.915812,-1.502058,-2.195129,-1.046129,1.639652,-0.649371
155,1763450579.453687,0.676200,-1.870700,-1.763500,-1.116000,1.633200,-0.923200,0.915861,-1.502097,-2.195127,-1.046103,1.639656,-0.649304
156,1763450579.496330,0.674800,-1.873300,-1.760400,-1.115700,1.632500,-0.924900,0.915931,-1.502103,-2.195165,-1.046071,1.639660,-0.649230
157,1763450579.547461,0.673300,-1.875900,-1.757400,-1.115300,1.632000,-0.926300,0.915973,-1.502135,-2.195168,-1.046049,1.639661,-0.649183
158,1763450579.589092,0.671900,-1.878300,-1.754400,-1.115300,1.631600,-0.927600,0.916010,-1.502209,-2.195137,-1.046026,1.639668,-0.649128
159,1763450579.640452,0.670500,-1.880900,-1.751300,-1.115600,1.631300,-0.929000,0.916065,-1.502275,-2.195109,-1.046003,1.639672,-0.649083
160,1763450579.683220,0.669100,-1.883100,-1.748500,-1.116200,1.631200,-0.930800,0.916129,-1.502368,-2.195050,-1.045976,1.639671,-0.649001
161,1763450579.734362,0.667600,-1.885500,-1.745400,-1.116800,1.630800,-0.934100,0.916172,-1.502452,-2.195000,-1.045955,1.639670,-0.649003
162,1763450579.777035,0.665900,-1.888400,-1.741800,-1.117700,1.630600,-0.937900,0.916218,-1.502528,-2.194957,-1.045934,1.639672,-0.649008
163,1763450579.826952,0.664100,-1.891500,-1.737900,-1.119500,1.631000,-0.941000,0.916254,-1.502634,-2.194883,-1.045912,1.639675,-0.648988
164,1763450579.869440,0.662400,-1.894400,-1.733900,-1.121400,1.631300,-0.943300,0.916302,-1.502712,-2.194840,-1.045887,1.639677,-0.648967
165,1763450579.922623,0.660900,-1.896900,-1.730400,-1.123100,1.631600,-0.945900,0.916310,-1.502802,-2.194779,-1.045874,1.639685,-0.648979
166,1763450579.964358,0.659800,-1.898600,-1.727700,-1.124500,1.631900,-0.948000,0.916387,-1.502858,-2.194769,-1.045850,1.639688,-0.648912
167,1763450580.015776,0.659000,-1.899800,-1.725900,-1.124700,1.631800,-0.949500,0.916479,-1.502924,-2.194749,-1.045820,1.639688,-0.648847
168,1763450580.058430,0.658400,-1.900900,-1.724500,-1.124100,1.631500,-0.950600,0.916506,-1.503047,-2.194647,-1.045808,1.639689,-0.648870
169,1763450580.109401,0.658000,-1.901400,-1.723700,-1.123700,1.631400,-0.951400,0.916485,-1.503181,-2.194531,-1.045801,1.639695,-0.648917
170,1763450580.152026,0.657700,-1.901800,-1.723200,-1.123400,1.631300,-0.952000,0.916456,-1.503369,-2.194356,-1.045793,1.639700,-0.648930
171,1763450580.204309,0.657400,-1.902100,-1.722800,-1.123400,1.631300,-0.952400,0.916433,-1.503558,-2.194178,-1.045789,1.639704,-0.648943
172,1763450580.246007,0.657300,-1.902400,-1.722600,-1.123400,1.631300,-0.952600,0.916405,-1.503751,-2.193995,-1.045786,1.639706,-0.648950
173,1763450580.297705,0.657200,-1.902500,-1.722400,-1.123400,1.631400,-0.952800,0.916353,-1.503939,-2.193818,-1.045785,1.639716,-0.648976
174,1763450580.340352,0.657100,-1.902600,-1.722500,-1.123400,1.631500,-0.952900,0.916321,-1.504139,-2.193632,-1.045784,1.639721,-0.648990
175,1763450580.391607,0.657100,-1.902600,-1.722500,-1.123500,1.631200,-0.953000,0.916250,-1.504356,-2.193406,-1.045797,1.639729,-0.648977
176,1763450580.434570,0.657100,-1.902700,-1.722700,-1.123000,1.630800,-0.953000,0.916198,-1.504548,-2.193214,-1.045804,1.639736,-0.648989
177,1763450580.484564,0.657100,-1.902800,-1.723000,-1.122000,1.630400,-0.953000,0.916134,-1.504758,-2.193001,-1.045815,1.639742,-0.648990
178,1763450580.527400,0.657100,-1.902900,-1.723400,-1.120700,1.630000,-0.952800,0.916078,-1.504972,-2.192782,-1.045824,1.639745,-0.648984
179,1763450580.577210,0.657200,-1.903000,-1.724000,-1.119400,1.629600,-0.952500,0.916031,-1.505168,-2.192582,-1.045828,1.639751,-0.648972
180,1763450580.619829,0.657200,-1.903100,-1.724700,-1.117500,1.629100,-0.951700,0.915956,-1.505372,-2.192372,-1.045844,1.639758,-0.648983
181,1763450580.671736,0.657400,-1.903000,-1.725900,-1.114600,1.628600,-0.950400,0.915891,-1.505596,-2.192143,-1.045855,1.639761,-0.648984
182,1763450580.714403,0.657900,-1.902300,-1.727500,-1.111500,1.627500,-0.948100,0.915844,-1.505786,-2.191952,-1.045865,1.639761,-0.649015
183,1763450580.764766,0.658800,-1.900400,-1.730500,-1.107300,1.625700,-0.947600,0.915799,-1.505972,-2.191765,-1.045871,1.639763,-0.649046
184,1763450580.807523,0.660100,-1.897600,-1.734400,-1.103400,1.624200,-0.948200,0.915733,-1.506130,-2.191597,-1.045886,1.639766,-0.649104
185,1763450580.859939,0.661900,-1.893900,-1.739100,-1.100800,1.623900,-0.947600,0.915684,-1.506271,-2.191447,-1.045894,1.639767,-0.649134
186,1763450580.901664,0.664000,-1.889700,-1.744500,-1.098200,1.623900,-0.946600,0.915628,-1.506423,-2.191287,-1.045906,1.639768,-0.649164
187,1763450580.954589,0.666200,-1.885300,-1.750300,-1.095600,1.623900,-0.945700,0.915567,-1.506577,-2.191123,-1.045918,1.639771,-0.649216
188,1763450580.997374,0.668900,-1.880000,-1.757200,-1.092900,1.624000,-0.945100,0.915513,-1.506723,-2.190972,-1.045926,1.639774,-0.649251
189,1763450581.047143,0.671900,-1.873900,-1.765100,-1.090100,1.624100,-0.944300,0.915459,-1.506857,-2.190827,-1.045938,1.639775,-0.649300
190,1763450581.089946,0.675100,-1.867500,-1.773600,-1.087300,1.624200,-0.943300,0.915410,-1.506984,-2.190692,-1.045944,1.639777,-0.649342
191,1763450581.139968,0.678500,-1.861100,-1.782200,-1.084400,1.624200,-0.942100,0.915354,-1.507117,-2.190552,-1.045953,1.639779,-0.649390
192,1763450581.182945,0.681900,-1.854500,-1.791000,-1.081600,1.624100,-0.941000,0.915288,-1.507280,-2.190370,-1.045968,1.639782,-0.649415
193,1763450581.234886,0.685400,-1.848000,-1.799700,-1.078900,1.624100,-0.939700,0.915224,-1.507428,-2.190204,-1.045981,1.639785,-0.649437
194,1763450581.277599,0.688800,-1.841900,-1.807800,-1.074800,1.622300,-0.941000,0.915148,-1.507573,-2.190040,-1.045996,1.639791,-0.649459
195,1763450581.328473,0.692100,-1.835900,-1.815500,-1.072900,1.622800,-0.937500,0.915063,-1.507729,-2.189867,-1.046013,1.639795,-0.649485
196,1763450581.371489,0.695300,-1.830400,-1.823000,-1.071300,1.623300,-0.934000,0.914988,-1.507871,-2.189706,-1.046030,1.639799,-0.649505
197,1763450581.423751,0.698400,-1.825100,-1.830400,-1.069500,1.623400,-0.931900,0.914919,-1.507992,-2.189569,-1.046042,1.639803,-0.649523
198,1763450581.466512,0.701400,-1.819800,-1.837500,-1.067600,1.623500,-0.930600,0.914847,-1.508119,-2.189423,-1.046057,1.639807,-0.649555
199,1763450581.517635,0.704500,-1.814600,-1.844500,-1.065600,1.623300,-0.929900,0.914773,-1.508233,-2.189297,-1.046070,1.639813,-0.649579
200,1763450581.560313,0.707500,-1.809400,-1.851300,-1.063800,1.623200,-0.929500,0.914693,-1.508359,-2.189154,-1.046087,1.639817,-0.649609
201,1763450581.610252,0.710400,-1.804500,-1.857800,-1.062100,1.623100,-0.929300,0.914612,-1.508458,-2.189038,-1.046103,1.639822,-0.649648
202,1763450581.653019,0.713300,-1.799700,-1.864100,-1.060400,1.623000,-0.929200,0.914519,-1.508569,-2.188909,-1.046124,1.639827,-0.649696
203,1763450581.704087,0.716100,-1.795000,-1.870300,-1.058600,1.622800,-0.929100,0.914465,-1.508626,-2.188844,-1.046134,1.639832,-0.649738
204,1763450581.745665,0.718900,-1.790500,-1.876300,-1.057100,1.622800,-0.928300,0.914452,-1.508635,-2.188838,-1.046134,1.639835,-0.649754
205,1763450581.799888,0.721700,-1.786100,-1.882000,-1.055900,1.622800,-0.927700,0.914431,-1.508648,-2.188825,-1.046138,1.639839,-0.649777
206,1763450581.841617,0.724400,-1.781800,-1.887400,-1.054700,1.622800,-0.927100,0.914410,-1.508669,-2.188806,-1.046140,1.639842,-0.649795
207,1763450581.892945,0.727000,-1.777900,-1.892500,-1.053300,1.622700,-0.926200,0.914391,-1.508684,-2.188791,-1.046143,1.639846,-0.649820
208,1763450581.936941,0.729500,-1.774100,-1.897500,-1.051600,1.622400,-0.925200,0.914366,-1.508696,-2.188779,-1.046145,1.639851,-0.649836
209,1763450581.985333,0.731800,-1.770600,-1.902100,-1.049800,1.622000,-0.924600,0.914342,-1.508717,-2.188759,-1.046148,1.639855,-0.649854
210,1763450582.029752,0.734100,-1.767200,-1.906700,-1.047900,1.621400,-0.924800,0.914315,-1.508733,-2.188741,-1.046151,1.639862,-0.649868
211,1763450582.078319,0.736300,-1.763700,-1.911100,-1.046100,1.621000,-0.925200,0.914319,-1.508729,-2.188751,-1.046149,1.639865,-0.649864
212,1763450582.122534,0.738500,-1.760400,-1.915500,-1.044500,1.620600,-0.924900,0.914320,-1.508719,-2.188765,-1.046147,1.639871,-0.649870
213,1763450582.171229,0.740600,-1.757000,-1.919800,-1.042900,1.620300,-0.924200,0.914301,-1.508729,-2.188751,-1.046147,1.639876,-0.649884
214,1763450582.215025,0.742800,-1.753600,-1.924200,-1.041600,1.620100,-0.924500,0.914272,-1.508748,-2.188731,-1.046151,1.639882,-0.649901
215,1763450582.265648,0.745000,-1.750100,-1.928500,-1.040400,1.619900,-0.923800,0.914251,-1.508766,-2.188711,-1.046152,1.639887,-0.649915
216,1763450582.308396,0.747400,-1.746400,-1.933100,-1.039200,1.619800,-0.923200,0.914225,-1.508787,-2.188685,-1.046154,1.639892,-0.649928
217,1763450582.359047,0.749900,-1.742600,-1.937800,-1.037900,1.619500,-0.922600,0.914181,-1.508834,-2.188627,-1.046162,1.639897,-0.649959
218,1763450582.401547,0.752400,-1.738800,-1.942600,-1.036600,1.619300,-0.922300,0.914151,-1.508859,-2.188602,-1.046165,1.639902,-0.649981
219,1763450582.454960,0.755100,-1.734700,-1.947600,-1.035700,1.619200,-0.920500,0.914119,-1.508891,-2.188566,-1.046169,1.639906,-0.650010
220,1763450582.496860,0.758000,-1.730400,-1.952800,-1.034800,1.619200,-0.919400,0.914091,-1.508935,-2.188523,-1.046172,1.639908,-0.650029
221,1763450582.548087,0.760800,-1.726200,-1.957900,-1.033600,1.618900,-0.917500,0.914067,-1.508978,-2.188478,-1.046175,1.639911,-0.650057
222,1763450582.589842,0.763700,-1.721900,-1.963000,-1.032600,1.618800,-0.915100,0.914028,-1.509035,-2.188416,-1.046181,1.639913,-0.650093
223,1763450582.641176,0.766400,-1.717900,-1.967800,-1.031500,1.618800,-0.912900,0.913997,-1.509071,-2.188378,-1.046185,1.639915,-0.650128
224,1763450582.684082,0.769100,-1.713900,-1.972600,-1.030700,1.618900,-0.911100,0.913965,-1.509106,-2.188346,-1.046188,1.639919,-0.650157
225,1763450582.733757,0.771900,-1.709800,-1.977400,-1.030200,1.619100,-0.909000,0.913927,-1.509151,-2.188298,-1.046195,1.639921,-0.650194
226,1763450582.776628,0.774800,-1.705500,-1.982300,-1.029700,1.619400,-0.907100,0.913891,-1.509201,-2.188246,-1.046201,1.639922,-0.650226
227,1763450582.828549,0.777800,-1.701100,-1.987400,-1.028900,1.619500,-0.905000,0.913843,-1.509264,-2.188179,-1.046211,1.639923,-0.650274
228,1763450582.870347,0.780900,-1.696600,-1.992700,-1.028000,1.619800,-0.902800,0.913796,-1.509329,-2.188110,-1.046220,1.639923,-0.650318
229,1763450582.923661,0.784300,-1.691900,-1.998100,-1.027200,1.619700,-0.900100,0.913745,-1.509392,-2.188042,-1.046229,1.639925,-0.650372
230,1763450582.966558,0.787700,-1.687200,-2.003600,-1.026300,1.619800,-0.896800,0.913699,-1.509453,-2.187975,-1.046238,1.639925,-0.650423
231,1763450583.016804,0.791300,-1.682400,-2.009100,-1.025400,1.619800,-0.892900,0.913650,-1.509514,-2.187909,-1.046248,1.639926,-0.650476
232,1763450583.059199,0.795000,-1.677500,-2.014700,-1.024500,1.619900,-0.888800,0.913614,-1.509558,-2.187860,-1.046255,1.639927,-0.650517
233,1763450583.112813,0.798600,-1.672600,-2.020200,-1.023800,1.620000,-0.884200,0.913574,-1.509604,-2.187808,-1.046263,1.639929,-0.650559
234,1763450583.155826,0.802300,-1.667800,-2.025600,-1.023100,1.620300,-0.880100,0.913534,-1.509658,-2.187748,-1.046270,1.639929,-0.650602
235,1763450583.205462,0.805900,-1.663200,-2.030900,-1.022200,1.620400,-0.875500,0.913477,-1.509741,-2.187654,-1.046283,1.639931,-0.650653
236,1763450583.248287,0.809300,-1.658800,-2.035800,-1.021500,1.620400,-0.870700,0.913420,-1.509821,-2.187562,-1.046295,1.639932,-0.650707
237,1763450583.299136,0.812600,-1.654800,-2.040400,-1.020400,1.620400,-0.865500,0.913360,-1.509909,-2.187462,-1.046309,1.639933,-0.650756
238,1763450583.340676,0.816000,-1.650600,-2.045000,-1.019800,1.620400,-0.861200,0.913302,-1.509997,-2.187364,-1.046321,1.639934,-0.650800
239,1763450583.393800,0.819400,-1.646300,-2.049700,-1.019400,1.620700,-0.858500,0.913246,-1.510083,-2.187266,-1.046334,1.639934,-0.650844
240,1763450583.436558,0.823000,-1.641800,-2.054600,-1.019300,1.620800,-0.857000,0.913193,-1.510166,-2.187173,-1.046346,1.639934,-0.650883
241,1763450583.486795,0.826700,-1.637000,-2.059700,-1.019600,1.620900,-0.857100,0.913134,-1.510244,-2.187083,-1.046359,1.639935,-0.650931
242,1763450583.530424,0.830400,-1.632100,-2.064900,-1.019300,1.620500,-0.859000,0.913078,-1.510316,-2.187001,-1.046371,1.639936,-0.650975
243,1763450583.579274,0.834400,-1.627300,-2.070000,-1.019400,1.620200,-0.859800,0.913021,-1.510389,-2.186917,-1.046384,1.639937,-0.651019
244,1763450583.623226,0.838600,-1.622300,-2.075300,-1.019300,1.619900,-0.858500,0.912961,-1.510464,-2.186831,-1.046398,1.639938,-0.651066
245,1763450583.673200,0.848000,-1.611800,-2.086400,-1.018900,1.619400,-0.852200,0.912902,-1.510537,-2.186747,-1.046411,1.639938,-0.651112
246,1763450583.715667,0.848000,-1.611800,-2.086400,-1.018900,1.619400,-0.852200,0.912844,-1.510610,-2.186660,-1.046425,1.639938,-0.651158
247,1763450583.768264,0.853300,-1.606300,-2.092200,-1.018800,1.619300,-0.847400,0.912788,-1.510679,-2.186577,-1.046437,1.639938,-0.651201
248,1763450583.809892,0.864500,-1.594700,-2.104300,-1.018200,1.618900,-0.837300,0.912755,-1.510719,-2.186532,-1.046444,1.639938,-0.651226
249,1763450583.864288,0.870400,-1.588800,-2.110300,-1.018000,1.618900,-0.830600,0.912728,-1.510751,-2.186493,-1.046450,1.639938,-0.651248
250,1763450583.907045,0.876000,-1.583300,-2.116000,-1.017800,1.618900,-0.824700,0.912701,-1.510783,-2.186457,-1.046457,1.639937,-0.651269
251,1763450583.957007,0.881700,-1.577800,-2.121600,-1.017500,1.618600,-0.818700,0.912679,-1.510812,-2.186424,-1.046462,1.639937,-0.651287
252,1763450583.999979,0.887700,-1.572300,-2.127200,-1.017300,1.618700,-0.812200,0.912653,-1.510843,-2.186388,-1.046468,1.639938,-0.651306
253,1763450584.050206,0.893500,-1.566800,-2.132700,-1.016800,1.618600,-0.806400,0.912629,-1.510872,-2.186355,-1.046473,1.639938,-0.651326
254,1763450584.093173,0.899300,-1.561300,-2.138200,-1.016700,1.618700,-0.801500,0.912610,-1.510902,-2.186321,-1.046478,1.639937,-0.651339
255,1763450584.146431,0.905000,-1.556000,-2.143400,-1.016900,1.618700,-0.796800,0.912588,-1.510933,-2.186288,-1.046483,1.639938,-0.651355
256,1763450584.189283,0.910700,-1.550800,-2.148400,-1.017600,1.618900,-0.791800,0.912564,-1.510956,-2.186261,-1.046488,1.639937,-0.651374
257,1763450584.239256,0.916500,-1.545700,-2.153300,-1.018000,1.619100,-0.786500,0.912544,-1.510966,-2.186249,-1.046493,1.639938,-0.651385
258,1763450584.281971,0.922200,-1.540900,-2.158000,-1.017900,1.619000,-0.780200,0.912529,-1.510976,-2.186237,-1.046496,1.639937,-0.651394
259,1763450584.331975,0.927800,-1.536100,-2.162600,-1.017900,1.619100,-0.773600,0.912513,-1.510979,-2.186233,-1.046501,1.639937,-0.651406
260,1763450584.374506,0.933300,-1.531300,-2.167200,-1.017800,1.618900,-0.767700,0.912499,-1.510982,-2.186228,-1.046505,1.639936,-0.651418
261,1763450584.425679,0.939000,-1.526400,-2.171900,-1.018000,1.619300,-0.762100,0.912486,-1.510987,-2.186223,-1.046509,1.639935,-0.651424
262,1763450584.468384,0.944600,-1.521400,-2.176600,-1.018400,1.619500,-0.757500,0.912470,-1.510987,-2.186220,-1.046513,1.639936,-0.651440
263,1763450584.519015,0.949900,-1.516800,-2.180900,-1.018500,1.619300,-0.753500,0.912451,-1.510986,-2.186219,-1.046518,1.639937,-0.651455
264,1763450584.561661,0.955600,-1.512100,-2.185300,-1.018800,1.619400,-0.749000,0.912434,-1.510983,-2.186218,-1.046522,1.639937,-0.651470
265,1763450584.615665,0.960700,-1.508000,-2.189200,-1.018800,1.619300,-0.744100,0.912417,-1.510978,-2.186220,-1.046526,1.639937,-0.651481
266,1763450584.658664,0.965600,-1.504200,-2.192800,-1.018600,1.619200,-0.738000,0.912406,-1.510974,-2.186223,-1.046530,1.639937,-0.651489
267,1763450584.708333,0.970600,-1.500300,-2.196400,-1.018500,1.619100,-0.731300,0.912405,-1.510969,-2.186226,-1.046531,1.639938,-0.651490
268,1763450584.751047,0.975500,-1.496500,-2.199900,-1.018700,1.619400,-0.724900,0.912403,-1.510967,-2.186226,-1.046532,1.639938,-0.651489
269,1763450584.800931,0.979900,-1.492900,-2.203200,-1.018700,1.619300,-0.719600,0.912403,-1.510960,-2.186230,-1.046534,1.639938,-0.651488
270,1763450584.843725,0.984000,-1.489600,-2.206200,-1.018700,1.619200,-0.716000,0.912402,-1.510952,-2.186235,-1.046535,1.639938,-0.651488
271,1763450584.897344,0.987700,-1.486500,-2.209100,-1.018800,1.618900,-0.713900,0.912402,-1.510943,-2.186239,-1.046537,1.639938,-0.651485
272,1763450584.940291,0.990800,-1.483900,-2.211400,-1.019000,1.619100,-0.711900,0.912415,-1.510954,-2.186230,-1.046537,1.639937,-0.651464
273,1763450584.990680,0.993400,-1.481800,-2.213400,-1.019000,1.618600,-0.712200,0.912424,-1.510962,-2.186225,-1.046537,1.639935,-0.651446
274,1763450585.034570,0.995300,-1.480100,-2.214900,-1.019000,1.618000,-0.713300,0.912432,-1.510972,-2.186219,-1.046537,1.639934,-0.651426
275,1763450585.083329,0.996700,-1.479100,-2.216000,-1.018800,1.617300,-0.713100,0.912447,-1.510980,-2.186213,-1.046536,1.639933,-0.651404
276,1763450585.127733,0.997700,-1.478300,-2.216600,-1.019100,1.617200,-0.713100,0.912463,-1.510984,-2.186212,-1.046534,1.639933,-0.651382
277,1763450585.175889,0.998500,-1.477900,-2.217000,-1.019200,1.617000,-0.712700,0.912485,-1.510989,-2.186212,-1.046531,1.639932,-0.651354
278,1763450585.221881,0.999000,-1.477600,-2.217300,-1.019300,1.616800,-0.712200,0.912507,-1.510992,-2.186213,-1.046528,1.639931,-0.651330
279,1763450585.268503,0.999400,-1.477400,-2.217400,-1.019400,1.616600,-0.711900,0.912522,-1.510984,-2.186222,-1.046527,1.639930,-0.651313
280,1763450585.316180,0.999700,-1.477200,-2.217600,-1.019300,1.616400,-0.712100,0.912536,-1.510977,-2.186231,-1.046525,1.639929,-0.651296
281,1763450585.361552,0.999900,-1.477100,-2.217700,-1.019300,1.616200,-0.712000,0.912553,-1.510969,-2.186241,-1.046524,1.639929,-0.651274
282,1763450585.409878,1.000100,-1.477000,-2.217900,-1.019200,1.616100,-0.712100,0.912568,-1.510960,-2.186252,-1.046521,1.639930,-0.651255
283,1763450585.454993,1.000200,-1.476900,-2.218000,-1.019200,1.616000,-0.712100,0.912585,-1.510950,-2.186264,-1.046518,1.639929,-0.651231
284,1763450585.502375,1.000300,-1.476800,-2.218100,-1.019100,1.615900,-0.712100,0.912598,-1.510948,-2.186268,-1.046517,1.639929,-0.651210
285,1763450585.548835,1.000400,-1.476700,-2.218200,-1.019000,1.615900,-0.712100,0.912614,-1.510947,-2.186269,-1.046515,1.639929,-0.651187
286,1763450585.596386,1.000600,-1.476500,-2.218400,-1.018700,1.615800,-0.711400,0.912627,-1.510946,-2.186271,-1.046512,1.639929,-0.651166
287,1763450585.641236,1.000800,-1.476400,-2.218600,-1.018400,1.615800,-0.710400,0.912645,-1.510949,-2.186271,-1.046508,1.639929,-0.651141
288,1763450585.689957,1.000900,-1.476300,-2.218800,-1.018000,1.615900,-0.708300,0.912660,-1.510952,-2.186270,-1.046505,1.639929,-0.651112
289,1763450585.734037,1.001100,-1.476200,-2.218900,-1.017500,1.616100,-0.705800,0.912681,-1.510957,-2.186267,-1.046501,1.639928,-0.651083
290,1763450585.782020,1.001000,-1.476100,-2.219100,-1.016700,1.616600,-0.702800,0.912701,-1.510959,-2.186266,-1.046497,1.639928,-0.651056
291,1763450585.828715,1.000800,-1.475900,-2.219400,-1.015500,1.617500,-0.699100,0.912723,-1.510955,-2.186272,-1.046492,1.639929,-0.651028
292,1763450585.874667,1.000500,-1.475800,-2.219700,-1.014200,1.618600,-0.694800,0.912743,-1.510951,-2.186278,-1.046487,1.639931,-0.651006
293,1763450585.922606,1.000000,-1.475600,-2.220100,-1.012500,1.620200,-0.690000,0.912764,-1.510945,-2.186284,-1.046483,1.639931,-0.650984
294,1763450585.966433,0.999100,-1.475400,-2.220400,-1.010800,1.622900,-0.685600,0.912786,-1.510942,-2.186289,-1.046479,1.639932,-0.650960
295,1763450586.019565,0.997900,-1.474800,-2.220900,-1.009500,1.627200,-0.681400,0.912808,-1.510942,-2.186291,-1.046475,1.639932,-0.650936
296,1763450586.061378,0.996300,-1.473800,-2.221600,-1.008500,1.631600,-0.677200,0.912832,-1.510943,-2.186291,-1.046471,1.639932,-0.650910
297,1763450586.114640,0.994200,-1.472300,-2.222600,-1.007500,1.635700,-0.673700,0.912849,-1.510946,-2.186290,-1.046468,1.639932,-0.650893
298,1763450586.156480,0.991700,-1.470200,-2.224300,-1.006400,1.639100,-0.671500,0.912877,-1.510937,-2.186299,-1.046462,1.639933,-0.650866
299,1763450586.207559,0.988600,-1.467100,-2.226800,-1.005700,1.641700,-0.671600,0.912900,-1.510933,-2.186305,-1.046458,1.639934,-0.650842
300,1763450586.250403,0.985000,-1.463200,-2.230200,-1.005300,1.643700,-0.674900,0.912920,-1.510927,-2.186311,-1.046453,1.639936,-0.650819
301,1763450586.300216,0.981000,-1.458300,-2.234400,-1.005100,1.645500,-0.681000,0.912931,-1.510924,-2.186311,-1.046450,1.639938,-0.650804
302,1763450586.342862,0.976500,-1.453300,-2.239000,-1.005100,1.646800,-0.687800,0.912941,-1.510928,-2.186306,-1.046448,1.639941,-0.650787
303,1763450586.394026,0.971800,-1.448200,-2.243800,-1.004700,1.647900,-0.694900,0.912949,-1.510922,-2.186309,-1.046447,1.639943,-0.650775
304,1763450586.435328,0.966900,-1.443100,-2.248600,-1.004000,1.648700,-0.701000,0.912959,-1.510918,-2.186311,-1.046444,1.639946,-0.650757
305,1763450586.487754,0.962300,-1.438500,-2.252800,-1.002300,1.649500,-0.706600,0.912973,-1.510913,-2.186314,-1.046441,1.639948,-0.650740
306,1763450586.531360,0.958000,-1.434500,-2.256700,-1.000100,1.650300,-0.710900,0.912987,-1.510907,-2.186318,-1.046438,1.639951,-0.650721
307,1763450586.581206,0.954100,-1.430900,-2.260000,-0.998200,1.651000,-0.714300,0.913002,-1.510899,-2.186323,-1.046434,1.639953,-0.650703
308,1763450586.624249,0.950700,-1.427900,-2.262900,-0.996600,1.651600,-0.716800,0.913011,-1.510886,-2.186329,-1.046431,1.639955,-0.650701
309,1763450586.676399,0.947500,-1.425200,-2.265300,-0.995600,1.652300,-0.718900,0.913019,-1.510878,-2.186335,-1.046428,1.639958,-0.650699
310,1763450586.720084,0.944600,-1.423000,-2.267300,-0.994800,1.652700,-0.720100,0.913031,-1.510866,-2.186342,-1.046424,1.639960,-0.650694
311,1763450586.769872,0.941900,-1.421000,-2.269100,-0.994300,1.652900,-0.720600,0.913042,-1.510855,-2.186349,-1.046420,1.639963,-0.650689
312,1763450586.813943,0.939100,-1.418900,-2.270900,-0.994000,1.652800,-0.721100,0.913051,-1.510848,-2.186354,-1.046417,1.639966,-0.650679
313,1763450586.862482,0.936400,-1.416700,-2.272800,-0.994000,1.652600,-0.721400,0.913060,-1.510839,-2.186359,-1.046414,1.639969,-0.650674
314,1763450586.907134,0.933600,-1.414400,-2.274700,-0.994400,1.652300,-0.722100,0.913067,-1.510827,-2.186366,-1.046411,1.639972,-0.650670
315,1763450586.955798,0.930700,-1.411900,-2.276700,-0.994800,1.652100,-0.723700,0.913079,-1.510815,-2.186375,-1.046407,1.639975,-0.650660
316,1763450586.999777,0.927800,-1.409100,-2.279000,-0.995400,1.651800,-0.726000,0.913089,-1.510805,-2.186384,-1.046403,1.639978,-0.650657
317,1763450587.048777,0.924900,-1.406100,-2.281400,-0.995700,1.651600,-0.729000,0.913099,-1.510797,-2.186390,-1.046399,1.639980,-0.650653
318,1763450587.092535,0.921900,-1.403000,-2.283900,-0.996200,1.651500,-0.732700,0.913106,-1.510788,-2.186400,-1.046396,1.639984,-0.650652
319,1763450587.142428,0.918800,-1.399800,-2.286400,-0.997200,1.651400,-0.737100,0.913114,-1.510776,-2.186411,-1.046393,1.639987,-0.650653
320,1763450587.185061,0.915700,-1.396500,-2.288900,-0.998200,1.651500,-0.741400,0.913122,-1.510765,-2.186424,-1.046390,1.639989,-0.650652
321,1763450587.239498,0.912700,-1.393400,-2.291300,-0.999200,1.651800,-0.745500,0.913122,-1.510760,-2.186427,-1.046388,1.639993,-0.650654
322,1763450587.282724,0.909500,-1.390100,-2.293700,-1.000600,1.651900,-0.749700,0.913126,-1.510749,-2.186438,-1.046386,1.639996,-0.650656
323,1763450587.333218,0.906500,-1.386900,-2.296000,-1.001900,1.652000,-0.754000,0.913128,-1.510743,-2.186442,-1.046384,1.639999,-0.650661
324,1763450587.376955,0.903500,-1.383700,-2.298400,-1.003000,1.652000,-0.758900,0.913127,-1.510739,-2.186444,-1.046382,1.640003,-0.650668
325,1763450587.425624,0.900400,-1.380600,-2.300800,-1.003900,1.651900,-0.763800,0.913130,-1.510732,-2.186449,-1.046380,1.640007,-0.650674
326,1763450587.469864,0.897200,-1.377400,-2.303100,-1.005000,1.652000,-0.769000,0.913126,-1.510731,-2.186446,-1.046379,1.640010,-0.650683
327,1763450587.519248,0.893900,-1.374300,-2.305400,-1.006400,1.652100,-0.774200,0.913123,-1.510727,-2.186446,-1.046378,1.640014,-0.650694
328,1763450587.563197,0.890700,-1.371300,-2.307600,-1.007500,1.652300,-0.779400,0.913129,-1.510720,-2.186448,-1.046375,1.640018,-0.650696
329,1763450587.611510,0.887300,-1.368100,-2.309900,-1.008800,1.652400,-0.785400,0.913127,-1.510713,-2.186451,-1.046374,1.640022,-0.650702
330,1763450587.656806,0.883800,-1.364800,-2.312300,-1.010000,1.652300,-0.792100,0.913125,-1.510711,-2.186448,-1.046373,1.640025,-0.650711
331,1763450587.704081,0.880000,-1.361300,-2.314900,-1.011100,1.652300,-0.799600,0.913120,-1.510706,-2.186449,-1.046373,1.640029,-0.650725
332,1763450587.750810,0.876100,-1.357700,-2.317400,-1.012500,1.652200,-0.807500,0.913119,-1.510707,-2.186443,-1.046371,1.640032,-0.650736
333,1763450587.797210,0.871900,-1.353900,-2.320100,-1.014300,1.652100,-0.815600,0.913115,-1.510706,-2.186441,-1.046370,1.640036,-0.650743
334,1763450587.843741,0.867600,-1.349900,-2.322800,-1.016300,1.652000,-0.823700,0.913118,-1.510701,-2.186442,-1.046368,1.640038,-0.650748
335,1763450587.889657,0.862900,-1.345900,-2.325600,-1.018500,1.652100,-0.832000,0.913115,-1.510710,-2.186434,-1.046367,1.640041,-0.650751
336,1763450587.936964,0.858000,-1.341800,-2.328300,-1.020300,1.652200,-0.840300,0.913116,-1.510717,-2.186424,-1.046365,1.640045,-0.650760
337,1763450587.981909,0.852900,-1.337600,-2.331200,-1.022500,1.652100,-0.849300,0.913118,-1.510718,-2.186421,-1.046362,1.640049,-0.650765
338,1763450588.030009,0.847600,-1.333200,-2.334200,-1.024600,1.652100,-0.859500,0.913112,-1.510721,-2.186414,-1.046362,1.640051,-0.650776
339,1763450588.074455,0.842000,-1.328500,-2.337300,-1.026800,1.652100,-0.869800,0.913111,-1.510722,-2.186410,-1.046360,1.640054,-0.650780
340,1763450588.122736,0.836300,-1.323600,-2.340600,-1.029300,1.652000,-0.881100,0.913106,-1.510728,-2.186399,-1.046360,1.640056,-0.650792
341,1763450588.166946,0.830400,-1.318800,-2.343800,-1.031900,1.652000,-0.893100,0.913102,-1.510736,-2.186386,-1.046359,1.640059,-0.650801
342,1763450588.215989,0.824500,-1.314000,-2.346800,-1.034300,1.652000,-0.905300,0.913095,-1.510742,-2.186375,-1.046358,1.640063,-0.650814
343,1763450588.262588,0.818500,-1.309500,-2.349800,-1.036800,1.652000,-0.917400,0.913088,-1.510748,-2.186366,-1.046358,1.640066,-0.650820
344,1763450588.308449,0.812400,-1.305300,-2.352400,-1.039000,1.652200,-0.929400,0.913082,-1.510760,-2.186350,-1.046358,1.640069,-0.650828
345,1763450588.358177,0.806400,-1.301400,-2.354900,-1.041000,1.652500,-0.941400,0.913079,-1.510769,-2.186336,-1.046357,1.640071,-0.650838
346,1763450588.400857,0.800600,-1.297800,-2.357100,-1.043100,1.652700,-0.953500,0.913074,-1.510785,-2.186317,-1.046358,1.640074,-0.650847
347,1763450588.453119,0.795700,-1.294900,-2.358900,-1.044800,1.652900,-0.963200,0.913069,-1.510799,-2.186298,-1.046357,1.640077,-0.650859
348,1763450588.495914,0.792000,-1.292900,-2.360200,-1.046100,1.652600,-0.970000,0.913063,-1.510809,-2.186284,-1.046357,1.640079,-0.650870
349,1763450588.546197,0.789500,-1.291600,-2.360900,-1.047500,1.651300,-0.973900,0.913056,-1.510822,-2.186265,-1.046358,1.640081,-0.650882
350,1763450588.588191,0.787900,-1.290600,-2.361300,-1.049700,1.649200,-0.976800,0.913047,-1.510834,-2.186246,-1.046359,1.640084,-0.650900
351,1763450588.642274,0.786800,-1.289900,-2.361500,-1.052000,1.647200,-0.979100,0.913036,-1.510851,-2.186224,-1.046360,1.640086,-0.650917
352,1763450588.685074,0.786000,-1.289400,-2.361600,-1.054300,1.645600,-0.980700,0.913029,-1.510863,-2.186206,-1.046360,1.640088,-0.650931
353,1763450588.737231,0.785400,-1.288900,-2.361600,-1.056400,1.644300,-0.981800,0.913021,-1.510874,-2.186189,-1.046361,1.640090,-0.650948
354,1763450588.780129,0.785000,-1.288500,-2.361600,-1.058300,1.643200,-0.982400,0.913010,-1.510888,-2.186168,-1.046362,1.640093,-0.650967
355,1763450588.829977,0.784600,-1.288300,-2.361500,-1.059900,1.642500,-0.982900,0.913002,-1.510901,-2.186148,-1.046364,1.640094,-0.650984
356,1763450588.872748,0.784500,-1.288000,-2.361500,-1.061500,1.641700,-0.983100,0.912989,-1.510919,-2.186123,-1.046366,1.640097,-0.651006
357,1763450588.924063,0.784300,-1.287800,-2.361300,-1.062800,1.641300,-0.983300,0.912980,-1.510937,-2.186100,-1.046367,1.640100,-0.651019
358,1763450588.967169,0.784100,-1.287700,-2.361300,-1.063800,1.640900,-0.983800,0.912970,-1.510954,-2.186076,-1.046368,1.640102,-0.651036
359,1763450589.017077,0.784100,-1.287600,-2.361200,-1.064600,1.640700,-0.984100,0.912962,-1.510970,-2.186052,-1.046370,1.640104,-0.651045
360,1763450589.059757,0.784100,-1.287500,-2.361200,-1.065300,1.640400,-0.983900,0.912955,-1.510983,-2.186032,-1.046371,1.640106,-0.651052
361,1763450589.111696,0.784000,-1.287400,-2.361200,-1.065900,1.640100,-0.983700,0.912947,-1.510997,-2.186010,-1.046373,1.640109,-0.651065
362,1763450589.154270,0.784000,-1.287300,-2.361100,-1.066300,1.640000,-0.983500,0.912936,-1.511011,-2.185987,-1.046375,1.640111,-0.651076
363,1763450589.208642,0.783900,-1.287300,-2.361100,-1.066700,1.639800,-0.983400,0.912928,-1.511026,-2.185966,-1.046377,1.640114,-0.651083
364,1763450589.250469,0.783900,-1.287200,-2.361100,-1.067200,1.639600,-0.983400,0.912911,-1.511035,-2.185947,-1.046381,1.640117,-0.651099
365,1763450589.301514,0.783900,-1.287200,-2.361000,-1.067600,1.639500,-0.983500,0.912893,-1.511044,-2.185930,-1.046385,1.640120,-0.651114
366,1763450589.343018,0.783800,-1.287100,-2.361000,-1.068500,1.639300,-0.984000,0.912875,-1.511057,-2.185911,-1.046389,1.640122,-0.651132
367,1763450589.395140,0.783800,-1.286700,-2.361000,-1.069900,1.638900,-0.986400,0.912858,-1.511057,-2.185905,-1.046393,1.640123,-0.651149
368,1763450589.437791,0.783500,-1.285900,-2.361100,-1.071700,1.638600,-0.992200,0.912842,-1.511059,-2.185898,-1.046397,1.640125,-0.651164
369,1763450589.487784,0.783000,-1.284700,-2.361700,-1.073400,1.638300,-1.003700,0.912827,-1.511058,-2.185893,-1.046401,1.640127,-0.651179
370,1763450589.530380,0.782300,-1.282700,-2.362900,-1.075200,1.638000,-1.021300,0.912811,-1.511057,-2.185889,-1.046405,1.640129,-0.651195
371,1763450589.580183,0.781300,-1.280300,-2.364400,-1.076400,1.637500,-1.044100,0.912794,-1.511055,-2.185886,-1.046408,1.640131,-0.651210
372,1763450589.622797,0.780200,-1.277300,-2.366300,-1.077500,1.636900,-1.072100,0.912800,-1.511020,-2.185918,-1.046408,1.640133,-0.651198
373,1763450589.675921,0.779000,-1.273800,-2.368700,-1.078600,1.636100,-1.104600,0.912804,-1.510990,-2.185946,-1.046409,1.640136,-0.651188
374,1763450589.717766,0.777600,-1.269700,-2.371300,-1.080300,1.635100,-1.142300,0.912808,-1.510959,-2.185975,-1.046408,1.640138,-0.651176
375,1763450589.773747,0.775900,-1.265100,-2.374200,-1.082600,1.633800,-1.185300,0.912806,-1.510936,-2.185997,-1.046409,1.640140,-0.651176
376,1763450589.816887,0.773800,-1.260600,-2.376800,-1.085400,1.632800,-1.230900,0.912808,-1.510919,-2.186013,-1.046409,1.640142,-0.651171
377,1763450589.866401,0.771400,-1.256400,-2.379300,-1.088000,1.632400,-1.276100,0.912811,-1.510902,-2.186028,-1.046409,1.640144,-0.651163
378,1763450589.910104,0.768700,-1.252700,-2.381500,-1.089900,1.631600,-1.320300,0.912813,-1.510884,-2.186046,-1.046409,1.640145,-0.651157
379,1763450589.959002,0.766000,-1.249400,-2.383600,-1.091400,1.631300,-1.363300,0.912808,-1.510881,-2.186047,-1.046411,1.640146,-0.651158
380,1763450590.003885,0.763100,-1.245800,-2.385800,-1.093000,1.630700,-1.406900,0.912802,-1.510877,-2.186048,-1.046412,1.640147,-0.651159
381,1763450590.051754,0.759900,-1.242200,-2.388100,-1.094900,1.630000,-1.452600,0.912798,-1.510877,-2.186047,-1.046414,1.640149,-0.651160
382,1763450590.097231,0.756200,-1.238500,-2.390200,-1.097400,1.629100,-1.500200,0.912794,-1.510876,-2.186045,-1.046416,1.640149,-0.651162
383,1763450590.144694,0.752100,-1.234900,-2.392100,-1.099900,1.628200,-1.548900,0.912789,-1.510876,-2.186044,-1.046418,1.640150,-0.651163
384,1763450590.189825,0.747500,-1.231600,-2.394000,-1.102300,1.627500,-1.598700,0.912786,-1.510875,-2.186043,-1.046419,1.640151,-0.651163
385,1763450590.238902,0.742400,-1.228800,-2.395600,-1.104000,1.627200,-1.649400,0.912785,-1.510876,-2.186041,-1.046420,1.640151,-0.651160
386,1763450590.281304,0.737000,-1.226300,-2.397000,-1.105600,1.626900,-1.700400,0.912784,-1.510877,-2.186038,-1.046421,1.640152,-0.651158
387,1763450590.334479,0.731500,-1.224400,-2.398100,-1.106700,1.627000,-1.751600,0.912784,-1.510879,-2.186036,-1.046422,1.640153,-0.651154
388,1763450590.377100,0.726300,-1.222700,-2.399100,-1.107800,1.625900,-1.801400,0.912786,-1.510881,-2.186034,-1.046422,1.640154,-0.651147
389,1763450590.427350,0.721100,-1.221400,-2.399800,-1.109000,1.624900,-1.850100,0.912792,-1.510885,-2.186032,-1.046421,1.640154,-0.651135
390,1763450590.469982,0.716100,-1.220500,-2.400300,-1.110300,1.623400,-1.894900,0.912797,-1.510888,-2.186030,-1.046421,1.640154,-0.651123
391,1763450590.524419,0.711400,-1.219800,-2.400700,-1.111500,1.622300,-1.937700,0.912802,-1.510893,-2.186026,-1.046420,1.640153,-0.651112
392,1763450590.567773,0.706600,-1.219400,-2.400800,-1.112500,1.621000,-1.977500,0.912811,-1.510898,-2.186023,-1.046419,1.640153,-0.651095
393,1763450590.617123,0.701800,-1.219300,-2.400700,-1.113200,1.620400,-2.016200,0.912819,-1.510901,-2.186023,-1.046418,1.640153,-0.651079
394,1763450590.660157,0.696900,-1.219300,-2.400600,-1.113700,1.620100,-2.055000,0.912825,-1.510906,-2.186021,-1.046417,1.640154,-0.651064
395,1763450590.710199,0.691800,-1.219800,-2.400400,-1.113300,1.619100,-2.095200,0.912835,-1.510911,-2.186018,-1.046415,1.640153,-0.651047
396,1763450590.751778,0.686700,-1.220100,-2.400200,-1.113400,1.618200,-2.135000,0.912847,-1.510913,-2.186018,-1.046413,1.640152,-0.651027
397,1763450590.805044,0.681400,-1.220600,-2.399800,-1.113500,1.617000,-2.176400,0.912858,-1.510916,-2.186020,-1.046411,1.640152,-0.651008
398,1763450590.846780,0.676100,-1.221100,-2.399500,-1.114000,1.615400,-2.219500,0.912871,-1.510916,-2.186022,-1.046409,1.640152,-0.650987
399,1763450590.898651,0.670700,-1.221900,-2.399000,-1.114400,1.613100,-2.263500,0.912882,-1.510917,-2.186024,-1.046407,1.640151,-0.650967
400,1763450590.940268,0.665400,-1.223100,-2.398200,-1.114600,1.612300,-2.304000,0.912896,-1.510920,-2.186025,-1.046404,1.640151,-0.650946
401,1763450590.994881,0.660400,-1.224400,-2.397700,-1.113500,1.610500,-2.343700,0.912904,-1.510924,-2.186022,-1.046402,1.640150,-0.650932
402,1763450591.038020,0.655700,-1.225700,-2.396900,-1.112800,1.610100,-2.377600,0.912910,-1.510929,-2.186019,-1.046401,1.640150,-0.650918
403,1763450591.087502,0.651300,-1.227000,-2.396200,-1.111900,1.609700,-2.409800,0.912915,-1.510935,-2.186014,-1.046401,1.640150,-0.650906
404,1763450591.130545,0.647200,-1.228200,-2.395800,-1.111000,1.608500,-2.441800,0.912920,-1.510939,-2.186012,-1.046400,1.640150,-0.650897
405,1763450591.180362,0.643200,-1.229400,-2.395200,-1.110100,1.607600,-2.472200,0.912921,-1.510942,-2.186011,-1.046400,1.640150,-0.650889
406,1763450591.223092,0.639500,-1.230600,-2.394600,-1.109200,1.606400,-2.502100,0.912924,-1.510946,-2.186009,-1.046399,1.640150,-0.650879
407,1763450591.273182,0.636000,-1.231700,-2.394100,-1.108600,1.606200,-2.527800,0.912924,-1.510948,-2.186007,-1.046400,1.640150,-0.650875
408,1763450591.315791,0.632700,-1.232800,-2.393600,-1.107700,1.604900,-2.553900,0.912923,-1.510950,-2.186006,-1.046401,1.640151,-0.650871
409,1763450591.367970,0.629500,-1.234000,-2.393000,-1.107000,1.604900,-2.576300,0.912923,-1.510953,-2.186003,-1.046401,1.640151,-0.650865
410,1763450591.411053,0.626700,-1.235000,-2.392400,-1.106200,1.604900,-2.596600,0.912924,-1.510954,-2.186002,-1.046401,1.640151,-0.650862
411,1763450591.460896,0.624600,-1.235600,-2.392100,-1.105600,1.605700,-2.609100,0.912926,-1.510958,-2.185998,-1.046401,1.640151,-0.650858
412,1763450591.504171,0.622900,-1.236100,-2.391700,-1.105400,1.607100,-2.613800,0.912924,-1.510960,-2.185994,-1.046401,1.640151,-0.650859
413,1763450591.554017,0.621900,-1.236200,-2.391400,-1.106300,1.607200,-2.624100,0.912924,-1.510962,-2.185992,-1.046401,1.640152,-0.650861
414,1763450591.596714,0.621000,-1.236200,-2.391100,-1.107400,1.607700,-2.632400,0.912923,-1.510964,-2.185988,-1.046401,1.640152,-0.650864
415,1763450591.648767,0.620400,-1.236300,-2.390900,-1.107700,1.607900,-2.637900,0.912921,-1.510963,-2.185985,-1.046402,1.640152,-0.650866
416,1763450591.691514,0.619900,-1.236400,-2.391000,-1.107300,1.608000,-2.641900,0.912919,-1.510965,-2.185982,-1.046402,1.640152,-0.650871
417,1763450591.742579,0.619600,-1.236600,-2.391000,-1.106500,1.608100,-2.641100,0.912918,-1.510969,-2.185976,-1.046402,1.640152,-0.650873
418,1763450591.784041,0.619400,-1.236700,-2.391200,-1.105300,1.608000,-2.639700,0.912920,-1.510971,-2.185972,-1.046402,1.640152,-0.650874
419,1763450591.837706,0.619300,-1.236700,-2.391400,-1.104800,1.608200,-2.639500,0.912920,-1.510973,-2.185969,-1.046402,1.640152,-0.650877
420,1763450591.880435,0.619000,-1.236700,-2.391300,-1.104800,1.608500,-2.640000,0.912920,-1.510975,-2.185965,-1.046402,1.640152,-0.650879
421,1763450591.930451,0.618900,-1.236600,-2.391400,-1.104800,1.608400,-2.642900,0.912921,-1.510975,-2.185963,-1.046402,1.640151,-0.650883
422,1763450591.971791,0.619200,-1.236200,-2.391300,-1.105800,1.607500,-2.646600,0.912920,-1.510975,-2.185962,-1.046402,1.640151,-0.650886
423,1763450592.027058,0.619400,-1.235800,-2.391000,-1.107700,1.605500,-2.648600,0.912918,-1.510974,-2.185961,-1.046402,1.640151,-0.650892
424,1763450592.070441,0.619600,-1.235500,-2.390600,-1.109000,1.604000,-2.649700,0.912917,-1.510973,-2.185960,-1.046403,1.640151,-0.650896
425,1763450592.119746,0.619700,-1.235500,-2.390500,-1.109000,1.603400,-2.650400,0.912917,-1.510974,-2.185958,-1.046403,1.640151,-0.650898
426,1763450592.164032,0.619500,-1.235700,-2.390600,-1.108300,1.603400,-2.651300,0.912917,-1.510973,-2.185958,-1.046403,1.640151,-0.650903
427,1763450592.212706,0.619100,-1.236000,-2.390900,-1.107100,1.604600,-2.653100,0.912913,-1.510973,-2.185957,-1.046404,1.640151,-0.650909
428,1763450592.256845,0.618500,-1.236500,-2.391000,-1.106300,1.606000,-2.655300,0.912909,-1.510976,-2.185953,-1.046404,1.640151,-0.650913
429,1763450592.305454,0.617900,-1.236900,-2.391100,-1.105400,1.607000,-2.656800,0.912907,-1.510977,-2.185951,-1.046405,1.640151,-0.650917
430,1763450592.349300,0.617500,-1.237200,-2.390900,-1.105200,1.607400,-2.656500,0.912904,-1.510978,-2.185948,-1.046406,1.640151,-0.650923
431,1763450592.398349,0.617300,-1.237400,-2.390800,-1.105300,1.607600,-2.656700,0.912897,-1.510979,-2.185946,-1.046408,1.640151,-0.650932
432,1763450592.442374,0.616400,-1.238100,-2.389800,-1.107100,1.608700,-2.662500,0.912893,-1.510980,-2.185944,-1.046408,1.640151,-0.650939
433,1763450592.492245,0.615800,-1.238500,-2.389300,-1.108200,1.609200,-2.666000,0.912888,-1.510978,-2.185945,-1.046409,1.640151,-0.650948
434,1763450592.534763,0.616200,-1.238500,-2.389400,-1.107600,1.608600,-2.663600,0.912883,-1.510978,-2.185945,-1.046411,1.640151,-0.650955
435,1763450592.586746,0.616300,-1.238500,-2.389500,-1.107300,1.608400,-2.662400,0.912876,-1.510976,-2.185945,-1.046412,1.640152,-0.650967
436,1763450592.628553,0.616400,-1.238600,-2.389400,-1.107300,1.608300,-2.662100,0.912871,-1.510976,-2.185945,-1.046413,1.640152,-0.650976
437,1763450592.681569,0.616300,-1.238600,-2.389400,-1.107300,1.608300,-2.661900,0.912867,-1.510974,-2.185946,-1.046414,1.640152,-0.650981
438,1763450592.723104,0.616400,-1.238600,-2.389500,-1.107200,1.607900,-2.663300,0.912861,-1.510973,-2.185947,-1.046414,1.640152,-0.650989
439,1763450592.778650,0.616400,-1.238400,-2.389600,-1.107300,1.607500,-2.664900,0.912858,-1.510975,-2.185948,-1.046415,1.640153,-0.650995
440,1763450592.821877,0.616400,-1.238300,-2.389700,-1.107400,1.607200,-2.665900,0.912861,-1.510978,-2.185945,-1.046414,1.640153,-0.650994
441,1763450592.871289,0.616300,-1.238200,-2.389600,-1.107900,1.606900,-2.666800,0.912863,-1.510979,-2.185946,-1.046412,1.640153,-0.650995
442,1763450592.915649,0.616300,-1.238200,-2.389500,-1.108400,1.606100,-2.666400,0.912862,-1.510983,-2.185944,-1.046412,1.640153,-0.650999
443,1763450592.963955,0.616300,-1.238200,-2.389400,-1.109000,1.605400,-2.666000,0.912862,-1.510983,-2.185945,-1.046411,1.640153,-0.651003
444,1763450593.008804,0.616500,-1.238200,-2.389500,-1.109000,1.605100,-2.665200,0.912862,-1.510986,-2.185943,-1.046410,1.640153,-0.651006
445,1763450593.057128,0.616700,-1.238300,-2.389600,-1.108800,1.604800,-2.663800,0.912861,-1.510990,-2.185942,-1.046409,1.640153,-0.651010
446,1763450593.101237,0.617100,-1.238200,-2.389600,-1.108800,1.604400,-2.662600,0.912860,-1.510993,-2.185941,-1.046409,1.640153,-0.651015
447,1763450593.149900,0.617400,-1.238100,-2.389700,-1.108900,1.604100,-2.661900,0.912861,-1.510998,-2.185937,-1.046408,1.640153,-0.651016
448,1763450593.193631,0.617500,-1.238200,-2.389600,-1.109100,1.604000,-2.661600,0.912864,-1.511004,-2.185934,-1.046406,1.640153,-0.651017
449,1763450593.243437,0.617400,-1.238500,-2.389300,-1.109400,1.604100,-2.661500,0.912867,-1.511009,-2.185929,-1.046405,1.640153,-0.651019
450,1763450593.286187,0.617300,-1.238900,-2.389100,-1.109300,1.604200,-2.658800,0.912868,-1.511015,-2.185924,-1.046404,1.640153,-0.651022
451,1763450593.339140,0.617400,-1.239100,-2.388900,-1.109300,1.604200,-2.656900,0.912871,-1.511019,-2.185922,-1.046403,1.640152,-0.651023
452,1763450593.381884,0.617400,-1.239100,-2.388900,-1.109300,1.604200,-2.656900,0.912870,-1.511027,-2.185915,-1.046402,1.640152,-0.651028
453,1763450593.432217,0.617400,-1.239100,-2.388900,-1.109300,1.604200,-2.656900,0.912865,-1.511031,-2.185911,-1.046402,1.640152,-0.651038
454,1763450593.474080,0.617400,-1.239100,-2.388900,-1.109300,1.604200,-2.656900,0.912858,-1.511037,-2.185905,-1.046403,1.640151,-0.651049
455,1763450593.528238,0.617400,-1.239100,-2.388900,-1.109300,1.604200,-2.656900,0.912851,-1.511040,-2.185900,-1.046404,1.640151,-0.651060
456,1763450593.571024,0.617400,-1.239100,-2.388900,-1.109300,1.604200,-2.656900,0.912845,-1.511047,-2.185894,-1.046405,1.640151,-0.651069
457,1763450593.621493,0.617400,-1.239100,-2.388900,-1.109300,1.604200,-2.656900,0.912841,-1.511052,-2.185891,-1.046406,1.640150,-0.651076
458,1763450593.663426,0.617400,-1.239100,-2.388900,-1.109300,1.604200,-2.656900,0.912837,-1.511060,-2.185885,-1.046406,1.640150,-0.651083
459,1763450593.714382,0.617400,-1.239100,-2.388900,-1.109300,1.604200,-2.656900,0.912832,-1.511067,-2.185880,-1.046407,1.640149,-0.651090
460,1763450593.755786,0.617400,-1.239100,-2.388900,-1.109300,1.604200,-2.656900,0.912826,-1.511074,-2.185875,-1.046408,1.640149,-0.651098
461,1763450593.806970,0.617400,-1.239100,-2.388900,-1.109300,1.604200,-2.656900,0.912819,-1.511079,-2.185871,-1.046409,1.640148,-0.651108
462,1763450593.849023,0.617400,-1.239100,-2.388900,-1.109300,1.604200,-2.656900,0.912813,-1.511084,-2.185867,-1.046410,1.640147,-0.651116
463,1763450593.903378,0.617400,-1.239100,-2.388900,-1.109300,1.604200,-2.656900,0.912807,-1.511091,-2.185861,-1.046412,1.640146,-0.651125
464,1763450593.946965,0.617400,-1.239100,-2.388900,-1.109300,1.604200,-2.656900,0.912798,-1.511101,-2.185850,-1.046413,1.640146,-0.651133
465,1763450593.996101,0.617400,-1.239100,-2.388900,-1.109300,1.604200,-2.656900,0.912787,-1.511110,-2.185840,-1.046416,1.640146,-0.651145
466,1763450594.038962,0.617400,-1.239100,-2.388900,-1.109300,1.604200,-2.656900,0.912776,-1.511118,-2.185831,-1.046418,1.640146,-0.651155
467,1763450594.089000,0.617400,-1.239100,-2.388900,-1.109300,1.604200,-2.656900,0.912762,-1.511127,-2.185817,-1.046421,1.640147,-0.651169
468,1763450594.131678,0.617400,-1.239100,-2.388900,-1.109300,1.604200,-2.656900,0.912749,-1.511137,-2.185804,-1.046424,1.640147,-0.651182
469,1763450594.182856,0.617400,-1.239100,-2.388900,-1.109300,1.604200,-2.656900,0.912735,-1.511146,-2.185792,-1.046427,1.640146,-0.651195
470,1763450594.224402,0.617400,-1.239100,-2.388900,-1.109300,1.604200,-2.656900,0.912723,-1.511156,-2.185779,-1.046430,1.640146,-0.651208
471,1763450594.277253,0.617400,-1.239100,-2.388900,-1.109300,1.604200,-2.656900,0.912710,-1.511166,-2.185768,-1.046433,1.640146,-0.651221
472,1763450594.318825,0.617400,-1.239100,-2.388900,-1.109300,1.604200,-2.656900,0.912694,-1.511173,-2.185757,-1.046437,1.640146,-0.651239
473,1763450594.372213,0.617400,-1.239100,-2.388900,-1.109300,1.604200,-2.656900,0.912679,-1.511179,-2.185747,-1.046440,1.640146,-0.651256
474,1763450594.415350,0.617400,-1.239100,-2.388900,-1.109300,1.604200,-2.656900,0.912664,-1.511185,-2.185738,-1.046444,1.640146,-0.651273
475,1763450594.465792,0.617400,-1.239100,-2.388900,-1.109300,1.604200,-2.656900,0.912648,-1.511189,-2.185730,-1.046448,1.640146,-0.651290
476,1763450594.508484,0.617400,-1.239100,-2.388900,-1.109300,1.604200,-2.656900,0.912637,-1.511182,-2.185734,-1.046451,1.640146,-0.651300
477,1763450594.558809,0.617400,-1.239100,-2.388900,-1.109300,1.604200,-2.656900,0.912628,-1.511176,-2.185737,-1.046453,1.640146,-0.651309
478,1763450594.600708,0.617400,-1.239100,-2.388900,-1.109300,1.604200,-2.656900,0.912619,-1.511172,-2.185741,-1.046456,1.640145,-0.651315
479,1763450594.655205,0.617400,-1.239100,-2.388900,-1.109300,1.604200,-2.656900,0.912611,-1.511165,-2.185745,-1.046458,1.640145,-0.651321
480,1763450594.697031,0.617400,-1.239100,-2.388900,-1.109300,1.604200,-2.656900,0.912602,-1.511156,-2.185751,-1.046461,1.640146,-0.651327
481,1763450594.747913,0.617400,-1.239100,-2.388900,-1.109300,1.604200,-2.656900,0.912596,-1.511143,-2.185761,-1.046464,1.640145,-0.651333
482,1763450594.790674,0.617400,-1.239100,-2.388900,-1.109300,1.604200,-2.656900,0.912588,-1.511130,-2.185771,-1.046466,1.640145,-0.651340
483,1763450594.840600,0.617400,-1.239100,-2.388900,-1.109300,1.604200,-2.656900,0.912578,-1.511118,-2.185780,-1.046469,1.640145,-0.651351
484,1763450594.883353,0.617400,-1.239100,-2.388900,-1.109300,1.604200,-2.656900,0.912571,-1.511106,-2.185790,-1.046472,1.640145,-0.651357
485,1763450594.933066,0.617400,-1.239100,-2.388900,-1.109300,1.604200,-2.656900,0.912558,-1.511086,-2.185807,-1.046475,1.640144,-0.651370
486,1763450594.975741,0.617400,-1.239100,-2.388900,-1.109300,1.604200,-2.656900,0.912546,-1.511066,-2.185823,-1.046479,1.640145,-0.651381
487,1763450595.026773,0.617400,-1.239100,-2.388900,-1.109300,1.604200,-2.656900,0.912533,-1.511049,-2.185839,-1.046484,1.640145,-0.651391
488,1763450595.068706,0.617400,-1.239100,-2.388900,-1.109300,1.604200,-2.656900,0.912521,-1.511030,-2.185857,-1.046488,1.640144,-0.651400
489,1763450595.121626,0.617400,-1.239100,-2.388900,-1.109300,1.604200,-2.656900,0.912512,-1.511009,-2.185876,-1.046491,1.640144,-0.651408
490,1763450595.164350,0.617400,-1.239100,-2.388900,-1.109300,1.604200,-2.656900,0.912499,-1.510987,-2.185898,-1.046495,1.640144,-0.651420
491,1763450595.215019,0.617400,-1.239100,-2.388900,-1.109300,1.604200,-2.656900,0.912488,-1.510965,-2.185919,-1.046499,1.640144,-0.651431
492,1763450595.256631,0.617400,-1.239100,-2.388900,-1.109300,1.604200,-2.656900,0.912477,-1.510942,-2.185940,-1.046502,1.640143,-0.651441
493,1763450595.308445,0.617400,-1.239100,-2.388900,-1.109300,1.604200,-2.656900,0.912464,-1.510920,-2.185960,-1.046506,1.640143,-0.651454
494,1763450595.351184,0.617400,-1.239100,-2.388900,-1.109300,1.604200,-2.656900,0.912451,-1.510900,-2.185979,-1.046511,1.640143,-0.651465
495,1763450595.402183,0.617400,-1.239100,-2.388900,-1.109300,1.604200,-2.656900,0.912441,-1.510879,-2.185998,-1.046514,1.640143,-0.651475
496,1763450595.443965,0.617400,-1.239100,-2.388900,-1.109300,1.604200,-2.656900,0.912434,-1.510861,-2.186016,-1.046517,1.640143,-0.651482
497,1763450595.497963,0.617400,-1.239100,-2.388900,-1.109300,1.604200,-2.656900,0.912428,-1.510842,-2.186034,-1.046520,1.640142,-0.651486
498,1763450595.540813,0.617400,-1.239100,-2.388900,-1.109300,1.604200,-2.656900,0.912423,-1.510826,-2.186051,-1.046522,1.640141,-0.651491
499,1763450595.590486,0.617400,-1.239100,-2.388900,-1.109300,1.604200,-2.656900,0.912420,-1.510810,-2.186067,-1.046524,1.640140,-0.651493
500,1763450595.633233,0.617400,-1.239100,-2.388900,-1.109300,1.604200,-2.656900,0.912418,-1.510795,-2.186082,-1.046526,1.640139,-0.651494
501,1763450595.686255,0.617400,-1.239100,-2.388900,-1.109300,1.604200,-2.656900,0.912415,-1.510782,-2.186095,-1.046528,1.640137,-0.651495
502,1763450595.729521,0.617400,-1.239100,-2.388900,-1.109300,1.604200,-2.656900,0.912408,-1.510768,-2.186109,-1.046531,1.640137,-0.651503
503,1763450595.779124,0.617400,-1.239100,-2.388900,-1.109300,1.604200,-2.656900,0.912401,-1.510756,-2.186119,-1.046535,1.640135,-0.651507
504,1763450595.822103,0.617400,-1.239100,-2.388900,-1.109300,1.604200,-2.656900,0.912395,-1.510744,-2.186131,-1.046538,1.640134,-0.651514
505,1763450595.872449,0.617400,-1.239100,-2.388900,-1.109300,1.604200,-2.656900,0.912385,-1.510738,-2.186136,-1.046542,1.640132,-0.651523
506,1763450595.915145,0.617400,-1.239100,-2.388900,-1.109300,1.604200,-2.656900,0.912375,-1.510733,-2.186142,-1.046546,1.640131,-0.651529
507,1763450595.967153,0.617400,-1.239100,-2.388900,-1.109300,1.604200,-2.656900,0.912366,-1.510725,-2.186150,-1.046550,1.640129,-0.651536
508,1763450596.009823,0.617400,-1.239100,-2.388900,-1.109300,1.604200,-2.656900,0.912359,-1.510721,-2.186155,-1.046553,1.640127,-0.651540
509,1763450596.059544,0.617400,-1.239100,-2.388900,-1.109300,1.604200,-2.656900,0.912354,-1.510719,-2.186160,-1.046556,1.640126,-0.651541
510,1763450596.102187,0.617400,-1.239100,-2.388900,-1.109300,1.604200,-2.656900,0.912352,-1.510719,-2.186162,-1.046558,1.640123,-0.651540
511,1763450596.155234,0.617400,-1.239100,-2.388900,-1.109300,1.604200,-2.656900,0.912351,-1.510717,-2.186166,-1.046559,1.640121,-0.651536
512,1763450596.198127,0.617400,-1.239100,-2.388900,-1.109300,1.604200,-2.656900,0.912353,-1.510719,-2.186167,-1.046561,1.640119,-0.651530
513,1763450596.247838,0.617400,-1.239100,-2.388900,-1.109300,1.604200,-2.656900,0.912358,-1.510724,-2.186166,-1.046561,1.640117,-0.651521
514,1763450596.291135,0.617400,-1.239100,-2.388900,-1.109300,1.604200,-2.656900,0.912363,-1.510727,-2.186165,-1.046561,1.640115,-0.651511
515,1763450596.341040,0.617400,-1.239100,-2.388900,-1.109300,1.604200,-2.656900,0.912368,-1.510730,-2.186165,-1.046562,1.640112,-0.651498
516,1763450596.383729,0.617400,-1.239100,-2.388900,-1.109300,1.604200,-2.656900,0.912375,-1.510737,-2.186162,-1.046561,1.640110,-0.651484
517,1763450596.435825,0.617400,-1.239100,-2.388900,-1.109300,1.604200,-2.656900,0.912382,-1.510743,-2.186160,-1.046561,1.640108,-0.651471
518,1763450596.478266,0.617400,-1.239100,-2.388900,-1.109300,1.604200,-2.656900,0.912389,-1.510750,-2.186156,-1.046561,1.640106,-0.651458
519,1763450596.530545,0.617400,-1.239100,-2.388900,-1.109300,1.604200,-2.656900,0.912400,-1.510761,-2.186150,-1.046560,1.640103,-0.651442
520,1763450596.574130,0.617400,-1.239100,-2.388900,-1.109300,1.604200,-2.656900,0.912407,-1.510773,-2.186142,-1.046560,1.640100,-0.651433
521,1763450596.623809,0.617400,-1.239100,-2.388900,-1.109300,1.604200,-2.656900,0.912415,-1.510783,-2.186137,-1.046560,1.640097,-0.651423
522,1763450596.666475,0.617400,-1.239100,-2.388900,-1.109300,1.604200,-2.656900,0.912421,-1.510793,-2.186131,-1.046560,1.640095,-0.651415
523,1763450596.717036,0.617400,-1.239100,-2.388900,-1.109300,1.604200,-2.656900,0.912429,-1.510804,-2.186125,-1.046559,1.640092,-0.651403
524,1763450596.760037,0.617400,-1.239100,-2.388900,-1.109300,1.604200,-2.656900,0.912435,-1.510815,-2.186118,-1.046558,1.640090,-0.651393
525,1763450596.809982,0.617400,-1.239100,-2.388900,-1.109300,1.604200,-2.656900,0.912444,-1.510820,-2.186117,-1.046558,1.640087,-0.651383
526,1763450596.852400,0.617400,-1.239100,-2.388900,-1.109300,1.604200,-2.656900,0.912454,-1.510829,-2.186114,-1.046556,1.640084,-0.651369
527,1763450596.904517,0.617400,-1.239100,-2.388900,-1.109300,1.604200,-2.656900,0.912461,-1.510837,-2.186110,-1.046556,1.640082,-0.651358
528,1763450596.946978,0.617400,-1.239100,-2.388900,-1.109300,1.604200,-2.656900,0.912470,-1.510845,-2.186107,-1.046554,1.640080,-0.651346
529,1763450596.997034,0.617400,-1.239100,-2.388900,-1.109300,1.604200,-2.656900,0.912480,-1.510851,-2.186104,-1.046553,1.640078,-0.651333
530,1763450597.038435,0.617400,-1.239100,-2.388900,-1.109300,1.604200,-2.656900,0.912491,-1.510857,-2.186103,-1.046551,1.640076,-0.651318
531,1763450597.093909,0.617400,-1.239100,-2.388900,-1.109300,1.604200,-2.656900,0.912504,-1.510860,-2.186104,-1.046548,1.640073,-0.651303
532,1763450597.135650,0.617400,-1.239100,-2.388900,-1.109300,1.604200,-2.656900,0.912521,-1.510865,-2.186103,-1.046545,1.640071,-0.651282
533,1763450597.186688,0.617400,-1.239100,-2.388900,-1.109300,1.604200,-2.656900,0.912538,-1.510870,-2.186101,-1.046541,1.640069,-0.651263
534,1763450597.228501,0.617400,-1.239100,-2.388900,-1.109300,1.604200,-2.656900,0.912552,-1.510875,-2.186100,-1.046539,1.640067,-0.651249
535,1763450597.279822,0.617400,-1.239100,-2.388900,-1.109300,1.604200,-2.656900,0.912565,-1.510877,-2.186101,-1.046536,1.640065,-0.651235
536,1763450597.322661,0.617400,-1.239100,-2.388900,-1.109300,1.604200,-2.656900,0.912578,-1.510879,-2.186103,-1.046533,1.640063,-0.651221
537,1763450597.372549,0.617400,-1.239100,-2.388900,-1.109300,1.604200,-2.656900,0.912589,-1.510875,-2.186109,-1.046531,1.640061,-0.651212
538,1763450597.415367,0.617400,-1.239100,-2.388900,-1.109300,1.604200,-2.656900,0.912600,-1.510871,-2.186115,-1.046528,1.640060,-0.651202
539,1763450597.466257,0.617400,-1.239100,-2.388900,-1.109300,1.604200,-2.656900,0.912612,-1.510866,-2.186123,-1.046526,1.640058,-0.651193
540,1763450597.509098,0.617400,-1.239100,-2.388900,-1.109300,1.604200,-2.656900,0.912624,-1.510860,-2.186133,-1.046523,1.640057,-0.651185
541,1763450597.561252,0.617400,-1.239100,-2.388900,-1.109300,1.604200,-2.656900,0.912635,-1.510855,-2.186143,-1.046520,1.640055,-0.651179
542,1763450597.602690,0.617400,-1.239100,-2.388900,-1.109300,1.604200,-2.656900,0.912646,-1.510850,-2.186152,-1.046517,1.640053,-0.651172
543,1763450597.655989,0.617400,-1.239100,-2.388900,-1.109300,1.604200,-2.656900,0.912656,-1.510844,-2.186161,-1.046514,1.640052,-0.651168
544,1763450597.698570,0.617400,-1.239100,-2.388900,-1.109300,1.604200,-2.656900,0.912664,-1.510835,-2.186173,-1.046512,1.640051,-0.651167
545,1763450597.748502,0.617400,-1.239100,-2.388900,-1.109300,1.604200,-2.656900,0.912673,-1.510828,-2.186184,-1.046509,1.640049,-0.651162
546,1763450597.791330,0.617400,-1.239100,-2.388900,-1.109300,1.604200,-2.656900,0.912682,-1.510820,-2.186195,-1.046506,1.640049,-0.651157
547,1763450597.841125,0.617400,-1.239100,-2.388900,-1.109300,1.604200,-2.656900,0.912693,-1.510808,-2.186211,-1.046503,1.640047,-0.651149
548,1763450597.883725,0.617400,-1.239100,-2.388900,-1.109300,1.604200,-2.656900,0.912703,-1.510794,-2.186227,-1.046500,1.640047,-0.651143
549,1763450597.937060,0.617400,-1.239100,-2.388900,-1.109300,1.604200,-2.656900,0.912710,-1.510781,-2.186243,-1.046497,1.640046,-0.651139
550,1763450597.979940,0.617400,-1.239100,-2.388900,-1.109300,1.604200,-2.656900,0.912720,-1.510770,-2.186256,-1.046494,1.640046,-0.651132
551,1763450598.030884,0.617400,-1.239100,-2.388900,-1.109300,1.604200,-2.656900,0.912728,-1.510754,-2.186273,-1.046492,1.640045,-0.651132
552,1763450598.072651,0.617400,-1.239100,-2.388900,-1.109300,1.604200,-2.656900,0.912736,-1.510741,-2.186286,-1.046490,1.640043,-0.651130
553,1763450598.125970,0.617400,-1.239100,-2.388900,-1.109300,1.604200,-2.656900,0.912741,-1.510728,-2.186298,-1.046488,1.640043,-0.651130
554,1763450598.168609,0.617400,-1.239100,-2.388900,-1.109300,1.604200,-2.656900,0.912746,-1.510715,-2.186311,-1.046487,1.640043,-0.651133
555,1763450598.218628,0.617400,-1.239100,-2.388900,-1.109300,1.604200,-2.656900,0.912750,-1.510702,-2.186324,-1.046485,1.640042,-0.651135
556,1763450598.260133,0.617400,-1.239100,-2.388900,-1.109300,1.604200,-2.656900,0.912757,-1.510687,-2.186340,-1.046483,1.640041,-0.651135
557,1763450598.314673,0.617400,-1.239100,-2.388900,-1.109300,1.604200,-2.656900,0.912762,-1.510670,-2.186356,-1.046482,1.640042,-0.651140
558,1763450598.357942,0.617400,-1.239100,-2.388900,-1.109300,1.604200,-2.656900,0.912770,-1.510660,-2.186368,-1.046479,1.640042,-0.651138
559,1763450598.407705,0.617400,-1.239100,-2.388900,-1.109300,1.604200,-2.656900,0.912776,-1.510651,-2.186378,-1.046477,1.640042,-0.651138
560,1763450598.450175,0.617400,-1.239100,-2.388900,-1.109300,1.604200,-2.656900,0.912784,-1.510643,-2.186389,-1.046474,1.640042,-0.651137
561,1763450598.500784,0.617400,-1.239100,-2.388900,-1.109300,1.604200,-2.656900,0.912793,-1.510638,-2.186396,-1.046471,1.640043,-0.651133
562,1763450598.542538,0.617400,-1.239100,-2.388900,-1.109300,1.604200,-2.656900,0.912802,-1.510633,-2.186403,-1.046468,1.640043,-0.651128
563,1763450598.593590,0.617400,-1.239100,-2.388900,-1.109300,1.604200,-2.656900,0.912811,-1.510627,-2.186411,-1.046465,1.640043,-0.651123
564,1763450598.635069,0.617400,-1.239100,-2.388900,-1.109300,1.604200,-2.656900,0.912823,-1.510625,-2.186416,-1.046461,1.640043,-0.651115
565,1763450598.687953,0.617400,-1.239100,-2.388900,-1.109300,1.604200,-2.656900,0.912835,-1.510621,-2.186423,-1.046457,1.640043,-0.651106
566,1763450598.729833,0.617400,-1.239100,-2.388900,-1.109300,1.604200,-2.656900,0.912847,-1.510619,-2.186428,-1.046454,1.640042,-0.651099
567,1763450598.783439,0.617400,-1.239100,-2.388900,-1.109300,1.604200,-2.656900,0.912857,-1.510619,-2.186430,-1.046451,1.640042,-0.651093
568,1763450598.826446,0.617400,-1.239100,-2.388900,-1.109300,1.604200,-2.656900,0.912867,-1.510621,-2.186432,-1.046447,1.640042,-0.651086
569,1763450598.875677,0.617400,-1.239100,-2.388900,-1.109300,1.604200,-2.656900,0.912875,-1.510620,-2.186434,-1.046444,1.640042,-0.651084
570,1763450598.918406,0.617400,-1.239100,-2.388900,-1.109300,1.604200,-2.656900,0.912882,-1.510619,-2.186436,-1.046442,1.640042,-0.651082
571,1763450598.968261,0.617400,-1.239100,-2.388900,-1.109300,1.604200,-2.656900,0.912888,-1.510617,-2.186440,-1.046439,1.640042,-0.651080
572,1763450599.011012,0.617400,-1.239100,-2.388900,-1.109300,1.604200,-2.656900,0.912894,-1.510616,-2.186442,-1.046438,1.640042,-0.651078
573,1763450599.060806,0.617400,-1.239100,-2.388900,-1.109300,1.604200,-2.656900,0.912898,-1.510615,-2.186445,-1.046436,1.640042,-0.651080
574,1763450599.103338,0.617400,-1.239100,-2.388900,-1.109300,1.604200,-2.656900,0.912903,-1.510613,-2.186448,-1.046434,1.640043,-0.651079
575,1763450599.155680,0.617400,-1.239100,-2.388900,-1.109300,1.604200,-2.656900,0.912907,-1.510614,-2.186447,-1.046433,1.640043,-0.651078
576,1763450599.197276,0.617400,-1.239100,-2.388900,-1.109300,1.604200,-2.656900,0.912910,-1.510615,-2.186447,-1.046431,1.640044,-0.651077
577,1763450599.250297,0.617400,-1.239100,-2.388900,-1.109300,1.604200,-2.656900,0.912914,-1.510616,-2.186448,-1.046430,1.640045,-0.651077
578,1763450599.291765,0.617400,-1.239100,-2.388900,-1.109300,1.604200,-2.656900,0.912916,-1.510619,-2.186446,-1.046429,1.640045,-0.651075
579,1763450599.346234,0.617400,-1.239100,-2.388900,-1.109300,1.604200,-2.656900,0.912918,-1.510620,-2.186447,-1.046428,1.640046,-0.651072
580,1763450599.389529,0.617400,-1.239100,-2.388900,-1.109300,1.604200,-2.656900,0.912917,-1.510619,-2.186449,-1.046427,1.640048,-0.651073
581,1763450599.439407,0.617400,-1.239100,-2.388900,-1.109300,1.604200,-2.656900,0.912917,-1.510619,-2.186449,-1.046427,1.640049,-0.651071
582,1763450599.482373,0.617400,-1.239100,-2.388900,-1.109300,1.604200,-2.656900,0.912918,-1.510620,-2.186448,-1.046426,1.640049,-0.651068
583,1763450599.533730,0.617400,-1.239100,-2.388900,-1.109300,1.604200,-2.656900,0.912913,-1.510614,-2.186453,-1.046428,1.640051,-0.651075
584,1763450599.576440,0.617400,-1.239100,-2.388900,-1.109300,1.604200,-2.656900,0.912907,-1.510607,-2.186458,-1.046429,1.640052,-0.651081
585,1763450599.626472,0.617400,-1.239100,-2.388900,-1.109300,1.604200,-2.656900,0.912898,-1.510607,-2.186457,-1.046430,1.640054,-0.651086
586,1763450599.668939,0.617400,-1.239100,-2.388900,-1.109300,1.604200,-2.656900,0.912892,-1.510607,-2.186455,-1.046432,1.640054,-0.651090
587,1763450599.720095,0.617400,-1.239100,-2.388900,-1.109300,1.604200,-2.656900,0.912885,-1.510607,-2.186452,-1.046434,1.640055,-0.651095
588,1763450599.761624,0.617400,-1.239100,-2.388900,-1.109300,1.604200,-2.656900,0.912878,-1.510608,-2.186448,-1.046436,1.640056,-0.651099
589,1763450599.816124,0.617400,-1.239100,-2.388900,-1.109300,1.604200,-2.656900,0.912870,-1.510607,-2.186448,-1.046438,1.640057,-0.651106
590,1763450599.857629,0.617400,-1.239100,-2.388900,-1.109300,1.604200,-2.656900,0.912860,-1.510609,-2.186443,-1.046440,1.640059,-0.651114
591,1763450599.908810,0.617400,-1.239100,-2.388900,-1.109300,1.604200,-2.656900,0.912853,-1.510612,-2.186438,-1.046442,1.640059,-0.651118
592,1763450599.950403,0.617400,-1.239100,-2.388900,-1.109300,1.604200,-2.656900,0.912846,-1.510614,-2.186434,-1.046445,1.640060,-0.651122
593,1763450600.002891,0.617400,-1.239100,-2.388900,-1.109300,1.604200,-2.656900,0.912839,-1.510617,-2.186430,-1.046446,1.640061,-0.651122
594,1763450600.044427,0.617400,-1.239100,-2.388900,-1.109300,1.604200,-2.656900,0.912835,-1.510621,-2.186425,-1.046447,1.640062,-0.651121
595,1763450600.095597,0.617400,-1.239100,-2.388900,-1.109300,1.604200,-2.656900,0.912829,-1.510624,-2.186420,-1.046449,1.640063,-0.651122
596,1763450600.137094,0.617400,-1.239100,-2.388900,-1.109300,1.604200,-2.656900,0.912826,-1.510627,-2.186416,-1.046451,1.640063,-0.651123
597,1763450600.191507,0.617400,-1.239100,-2.388900,-1.109300,1.604200,-2.656900,0.912824,-1.510628,-2.186412,-1.046452,1.640064,-0.651122
598,1763450600.235201,0.617400,-1.239100,-2.388900,-1.109300,1.604200,-2.656900,0.912824,-1.510632,-2.186408,-1.046452,1.640064,-0.651118
599,1763450600.284217,0.617400,-1.239100,-2.388900,-1.109300,1.604200,-2.656900,0.912823,-1.510631,-2.186407,-1.046453,1.640065,-0.651116
